start_date_pre,end_date_pre,ip_address_pre,duration_sec_pre,response_id_pre,LocationLatitude_pre,LocationLongitude_pre,DistributionChannel_pre,UserLanguage_pre,participant_id,age_pre,gender_pre,occupation_pre,teaching_marketing_pre,teaching_experience_pre,learning_style_pre,learning_format_pre,interaction_preference_pre,trusted_learning_method_pre,ai_familiarity_pre,ddp_familiarity_pre,data_sources_pre,persona_definition_pre,interactive_persona_pre,data_driven_persona_pre,dynamic_persona_pre,tableau_usage_pre,api_usage_pre,ml_application_pre,persona_explanation_pre,confirmation_pre,start_date_post,end_date_post,ip_address_post,duration_sec_post,response_id_post,LocationLatitude_post,LocationLongitude_post,DistributionChannel_post,UserLanguage_post,data_collection_explanation_post,data_analysis_explanation_post,persona_building_explanation_post,Unnamed: 43,evaluation_explanation_post,ai_familiarity_post,ddp_familiarity_post,data_sources_post,persona_definition_post,interactive_persona_post,data_driven_persona_post,dynamic_persona_post,tools_usage_post,api_usage_post,ml_application_post,engagement_experience_post,interaction_quality_post,communication_clarity_post,trustworthiness_post,emotional_response_post,naturalness_post,effectiveness_post,comfort_level_post,personalization_post,mental_effort_post,persona_definition_pre_grade,persona_definition_post_grade,persona_definition_grade_comparison,interactive_persona_pre_grade,interactive_persona_post_grade,interactive_persona_grade_comparison,data_driven_persona_pre_grade,data_driven_persona_post_grade,data_driven_persona_grade_comparison,dynamic_persona_pre_grade,dynamic_persona_post_grade,dynamic_persona_grade_comparison,data_collection_explanation_post_grade,data_analysis_explanation_post_grade,persona_building_explanation_post_grade,evaluation_explanation_post_grade,group_class
2/13/25 0:10,2/13/25 0:16,193.166.113.18,372,R_8GBoA0i1k6yogS1,63.1198,21.6798,0,0,1,60,1,1,1,20,3,"3,4","3,4","2,3,4",12,10,4,1,2,2,1,I Ġdo Ġnot Ġknow,I Ġ Ä ł d o Ġ Ä ł not Ġ Ä ł k now,I Ġ Ä ł d o Ġ Ä ł not Ġ Ä ł k now,I Ġdo Ġnot Ġknow,0,2025-02-13 0:56:11,2025-02-13 1:18:59,193.166.113.18,1368,R_8QL21bpDcdbdtJ4,63.1198,21.6798,0,0,"to Ġcollect Ġstud en s ' Ġdemographic Ġdata , Ġdata Ġof Ġtheir Ġstudy Ġpro gre ss ion , Ġi . e ., Ġwhat Ġcourses Ġthey Ġhave Ġdone , Ġwhat Ġhave Ġbeen Ġtheir Ġgrades . Ġthese Ġinformation Ġcan Ġbe Ġcollected Ġfrom Ġstudy Ġreg is ter . ĠI Ġcould Ġalso Ġask Ġtheir Ġcon sent Ġprovide Ġto Ġgive Ġfeedback Ġhow Ġthey Ġhave Ġperce ived Ġsome Ġof Ġthe Ġcourse Ġ( e . g ., Ġcourse Ġfeedback ). ĠIf Ġthey Ġallow Ġto Ġgive , ĠI Ġwould Ġlike Ġto Ġask Ġabout Ġtheir Ġonline Ġbehaviour . ĠS u fficient Ġdata Ġmaybe Ġfrom Ġall Ġparticipants Ġor Ġmost Ġof Ġthem .","First Ġthe Ġdata Ġmust Ġbe Ġcle an ed . Ġto Ġa ch i e ve Ġhigh Ġquality Ġof Ġdata . ĠAlso Ġthe Ġprivacy Ġissues Ġshould Ġbe Ġconsidered . ĠThe Ġdata Ġneeds Ġto Ġcluster ed , Ġcombined Ġand Ġvalidated . Ġ","After Ġclustering Ġand Ġcombining , Ġthe Ġpersonas Ġmust Ġbe Ġsummar ized Ġin Ġorder Ġto Ġmake Ġprofiles . ĠThe Ġidea Ġis Ġgroup Ġsimilar Ġstudents . ĠThe Ġprof i iles Ġare Ġdescriptions Ġof Ġthe Ġpersonas Ġin Ġon Ġvisualized Ġand Ġfor ms . ĠAlso ĠAI Ġcan Ġbe Ġused Ġto Ġcreate Ġdynamic Ġpersonas , Ġthat Ġlearn Ġfrom Ġthe Ġnew Ġdata , Ġand Ġevolve Ġas Ġthe Ġstudents Ġevolve .",1,"The Ġevaluation Ġcan Ġbe Ġdone Ġe . g ., Ġwith Ġtr ad ition al ĠA / B Ġtesting Ġmethod . ĠThe Ġpersonas Ġmust Ġalso Ġbe Ġvalidated Ġf re qu ent ly .",4,4,All of the above,0,1,0,0,To Ġcommunicate Ġthe Ġpersonas Ġto Ġthe Ġusers . ĠTo Ġvisualize Ġthe Ġpersonas Ġto Ġthe Ġusers .,B ec ause Ġrelevant Ġdata Ġcan Ġbe Ġobtained Ġfrom Ġthem .,"They Ġcan Ġbe Ġused Ġe . g ., Ġin Ġclustering Ġand Ġcombining Ġthe Ġdata .",5,1,7,2,2,1,6,6,1,4,Correct,Not Correct,DECLINED,Correct,Correct,SAME,Correct,Not Correct,DECLINED,Correct,Not Correct,DECLINED,HIGH,LOW,HIGH,MEDIUM,Chatbot
2/13/25 0:09,2/13/25 0:16,193.166.113.32,409,R_8QG2UV0Zv0fKVB5,63.1198,21.6798,0,0,23,41,1,2,2,0,"1,3,4","2,4","3,4","2,3,4",10,1,4,1,2,2,1,"I Ġdo Ġnot Ġknow Ġthese Ġtools , Ġso ĠI Ġcannot Ġanswer . Ġ",I Ġ Ä ł ha ve Ġ Ä ł no Ġ Ä ł c l ue Ġ .,I Ġ Ä ł ha ve Ġ Ä ł no Ġ Ä ł c l ue Ġ .,I Ġhave Ġno Ġclue .,0,2025-02-13 0:56:02,2025-02-13 1:13:21,193.166.113.32,1039,R_8QrAaCxxXwbpxvL,63.1198,21.6798,0,0,"User Ġanalytics : ĠGoogle Ġanalytics , ĠCRM , ĠAPIs Ġetc . Ġ","Segment ation Ġcan Ġbe Ġperform ed Ġso Ġthat Ġeach Ġpersona Ġreflects Ġa Ġcertain Ġbehavioural Ġpattern Ġand / or Ġis Ġbased Ġon Ġcommon Ġbackground / psy ch ological , Ġdemogr r ap hics , Ġso ci o - ec on om ics Ġand Ġthe Ġlike . ĠS egm ant ation Ġcan Ġbe Ġdone Ġby Ġapp lying Ġanalytical Ġmethods Ġsuch Ġas ĠK - M eans Ġand Ġ H ier archical Ġclustering . Ġ",One Ġway Ġto Ġcreate Ġstudent Ġpersonas Ġit Ġis Ġto Ġidentify Ġpossible Ġshared Ġchallenges Ġamong Ġthe Ġtarget Ġgroup Ġ( actual Ġstudents ) Ġand Ġuse Ġthese Ġchallenges Ġas Ġstart ing Ġpoints Ġupon Ġwhich Ġto Ġcreate Ġthe Ġpersonas ' Ġprofiles . ĠĊ Ċ S orry Ġbut Ġthe Ġform ulation Ġof Ġthis Ġquestion Ġis Ġtoo Ġcom plic ated Ġso ĠI Ġam Ġnot Ġeven Ġsure Ġwhat Ġit Ġis Ġask ed Ġ( ex pl an ations Ġbefore Ġthe Ġsurvey Ġdid Ġnot Ġhelp Ġe ith er ),2,"1 ) ĠI Ġhave Ġnot Ġbeen Ġteaching Ġmarketing Ġcourses . Ġ Ċ 2 ) ĠI Ġhave Ġnot Ġparticipated Ġin Ġmarketing Ġcourses Ġas Ġstudent . ĠM y Ġbackground Ġis Ġdifferent . ĠI Ġfeel Ġthat Ġthese Ġt w o Ġaspects Ġwere Ġtaken Ġfor Ġgr ant ed Ġin Ġyour Ġquestions . Ċ N ever the less , Ġthe Ġevaluation Ġof Ġpersonas Ġin Ġterms Ġof Ġaccuracy Ġand Ġusefulness Ġcan Ġbe Ġdone Ġby Ġcomparing Ġthe Ġpersonas ' Ġprofiles Ġwith Ġtheir Ġrele van ce Ġin Ġreal Ġlife Ġphenomen a . Ġ One Ġway Ġto Ġfind Ġout Ġis Ġto Ġcont r ast Ġwhether Ġany Ġmarketing Ġc amp a ign s Ġbased Ġon Ġthese Ġpersonas Ġare Ġeffective Ġ( e . g . Ġle ad ing Ġto Ġexpect ed Ġor Ġhigh er Ġs al es ). ĠĠ",2,2,All of the above,0,1,0,0,To Ġillustr ate Ġ( and Ġupdate ) Ġstatic Ġpersona Ġprofiles .,I Ġhave Ġno Ġclue Ġwhat Ġis ĠAPI .,To Ġcreate Ġdynamic Ġpersonas .,4,2,4,4,2,4,4,2,2,6,Correct,Not Correct,DECLINED,Correct,Correct,SAME,Correct,Not Correct,DECLINED,Correct,Not Correct,DECLINED,LOW,HIGH,LOW,HIGH,Chatbot
2/13/25 0:09,2/13/25 0:17,193.166.113.31,462,R_8tHW5RDZd4yBkcx,63.1198,21.6798,0,0,22,45,1,2,1,3,"1,3","3,4","3,4","2,3,4",11,10,"1,3",1,5,2,5,I Ġdon 't Ġknow .,I Ġ Ä ł don Ġ ' t Ġ Ä ł k now Ġ Ä ł w hat Ġ Ä ł A PI Ġ Ä ł st and s Ġ Ä ł for Ġ .,I Ġ Ä ł don Ġ ' t Ġ Ä ł k now Ġ .,I Ġdon 't Ġknow .,0,2025-02-13 10:06:34,2025-02-13 10:19:38,193.166.113.31,784,R_2kRKZFGiWHUQidw,63.1198,21.6798,0,0,"I Ġneed Ġquantitative Ġdata , Ġwhich Ġcan Ġbe Ġobtained Ġthrough Ġsurveys , Ġonline Ġanalytics , Ġuser Ġbehaviour Ġdata . ĠThe Ġdata Ġshould Ġbe Ġdiverse Ġand Ġrepresentative Ġto Ġav oid Ġbi as es . Ġ","S t at istical Ġanalyses Ġare Ġre qu ire d . ĠThese Ġinclude Ġclustering Ġtechniques Ġ( e . g . Ġhier ac hical Ġclustering , Ġk - means , ĠL C A / LP A ). ĠThe Ġidea Ġis Ġto Ġextract Ġvar y ing Ġsegments Ġfrom Ġthe Ġdata .","In Ġthis Ġstage , Ġcr af ting Ġthe Ġpersona Ġprofiles Ġcom es Ġto Ġplay . ĠThe Ġdist in ction Ġbetween Ġthe Ġpersonas Ġare Ġbased Ġon Ġthe Ġvar i ation Ġin Ġdata Ġused Ġfor Ġthe Ġsegmentation Ġsuch Ġas Ġbasic Ġdemographics , Ġbehavioural Ġpatterns , Ġgoals Ġand Ġchallenges . ĠG ood Ġpersona Ġshould Ġrepresent Ġthe Ġsegment , Ġit Ġalso Ġad vis ed Ġto Ġmake Ġit Ġrelatable Ġand Ġpresent Ġit Ġin Ġa Ġhuman Ġway . ĠAlso Ġvisuals Ġcan Ġbe Ġused Ġto Ġmake Ġthe Ġpersona Ġmore Ġem p hat ic ,",3,"This Ġis Ġa Ġcr u cial Ġstep Ġin Ġthe Ġpersona Ġbuilding Ġto Ġvalidate Ġthe Ġpersonas . ĠI Ġcan Ġfor Ġexample Ġcarry Ġout Ġvalidity Ġchec ks Ġagainst Ġreal Ġstudents , Ġrevis it Ġthe Ġdata Ġif Ġsome Ġpersona Ġdoes n 't Ġseem Ġrel ia ble Ġor Ġappear s Ġoutdated .",3,4,All of the above,0,2,0,1,To Ġvisual ise Ġthe Ġpersona .,I Ġdon t Ġknow Ġwhat ĠAPI Ġstands Ġfor .,I Ġdon 't Ġknow .,3,4,6,6,1,4,5,3,4,5,Correct,Not Correct,DECLINED,Not Correct,Not Correct,SAME,Correct,Not Correct,DECLINED,Not Correct,Correct,IMPROVED,MEDIUM,HIGH,HIGH,HIGH,Deepfake
2/13/25 0:11,2/13/25 0:17,193.166.113.21,355,R_8462bTis2cTNcii,63.1198,21.6798,0,0,19,39,1,2,1,1,"1,2,3,4","3,4","3,4","2,3,4",12,1,4,1,5,2,5,nan,nan,nan,nan,0,2025-02-13 0:55:51,2025-02-13 1:11:01,193.166.113.21,909,R_2M3diy3SR17ual3,63.1198,21.6798,0,0,"Data Ġsources : ĠA t t end ance , Ġgroup Ġtasks Ġevaluation , Ġse l f Ġlearning Ġtasks Ġevalu ations , Ġ Ġclass Ġparticipation , Ġgrades , Ġinteraction Ġwith Ġf ell ow Ġstudents , Ġclass Ġroom Ġobservations , Ġ Ċ How : Ġusing Ġclass Ġroom Ġinteractions , Ġresults , Ġstudent Ġengagement Ġactivities Ġ Ċ How Ġmuch : Ġdata Ġthrough out Ġthe Ġclass Ġperiod , Ġo ld Ġclass Ġroom Ġdata Ġas Ġwell Ġto Ġmake Ġdata Ġset Ġri gr ous","C lustering , Ġmat rix Ġfor Ġpatterns , ĠAI Ġor Ġso f t w are s Ġto Ġcluster Ġindividual Ġbased Ġon Ġcertain Ġcharacteristics Ġand Ġbehaviours .",use Ġthe Ġdata Ġand Ġbuild Ġrepresentative Ġpersonas Ġfor Ġeach Ġcategor y Ġor Ġidentified Ġpattern,4,test Ġwith in Ġthe Ġexisting Ġn et wor k Ġto Ġsee Ġif Ġthe Ġpersonas Ġrepresent Ġcertain Ġpatterns Ġthat Ġare Ġrelatable Ġto Ġgroup Ġcharacteristics . Ċ Ex ternal Ġvalidation Ġwith Ġout s ide Ġpart ies,4,5,All of the above,0,1,0,0,data Ġanalysis,to Ġcollect Ġdata,To Ġa Ġgre at Ġde al . Ġcan Ġhelp Ġprocess Ġlarge Ġamount Ġof Ġdata Ġro Ġcreate Ġpersona,6,6,6,4,2,3,6,1,4,4,Correct,Not Correct,DECLINED,Not Correct,Correct,IMPROVED,Correct,Not Correct,DECLINED,Not Correct,Not Correct,SAME,HIGH,MEDIUM,MEDIUM,MEDIUM,Chatbot
2/13/25 0:09,2/13/25 0:18,193.166.117.7,551,R_824J8ZB9ZGfOu8t,63.1198,21.6798,0,0,15,38,2,2,2,0,"1,2,4",4,"3,4",2,12,1,5,5,5,5,5,-,-,-,-,0,2025-02-13 0:55:35,2025-02-13 1:19:16,193.166.117.7,1421,R_2KPeTVjwHtRdvU7,63.1198,21.6798,0,0,"- age , Ġjobs , Ġdemographic Ġdata , Ġhow Ġthey Ġbeha ve Ġand Ġinteract Ċ - th rough Ġinterviews , Ġsurveys , Ġobservations , Ġanalytic Ġtools , ĠCRM , ĠAPI","- c lustering Ġstudents Ġaccording Ġto Ġtheir Ġgoals , Ġchallenges , Ġshared Ġinterests , Ġmotivations , Ġdemographics , Ġpsychographics , Ġbehaviors Ċ - th ere Ġwere Ġsome Ġanalytic Ġtools Ġment ions , Ġbut ĠI Ġdon 't Ġremember Ġwhat",- ma king Ġdescriptive Ġprofile Ġposters Ġfor Ġeach Ġpersona Ġthat Ġcan Ġthen Ġbe Ġshared Ġwith Ġother Ġemploy e es,5,"- p ersonas Ġshould Ġnot Ġbecome Ġstatic Ġbut Ġthey Ġmust Ġbe Ġupdated Ġregularly Ġwith Ġnew Ġtrends Ġand Ġinformation , Ġwe Ġshould Ġensure Ġthat Ġthe Ġdata Ġcollected Ġis Ġnot Ġbi ased , Ġoutdated Ġor Ġother w ise Ġinc or rect Ċ - we Ġshould Ġtake Ġcare Ġof Ġ our Ġintegr ity Ġand Ġreliability",4,2,All of the above,0,1,0,0,To Ġmake Ġposters Ġof Ġthe Ġpersona Ġso Ġthat Ġevery on e Ġcan Ġacc ess Ġthe Ġdata Ġ( c om m unic ate Ġabout Ġthe Ġpersona ),For Ġanalysis ? ĠI Ġdon 't Ġknow Ġwhat Ġis ĠAPI .,To Ġdevelop Ġpersonas Ġfurther Ġwhen Ġnew Ġinformation Ġbecomes Ġavailable ? ĠTo Ġextract Ġrelevant Ġinformation .,4,2,3,3,1,4,3,6,1,6,Not Correct,Not Correct,SAME,Not Correct,Correct,IMPROVED,Not Correct,Not Correct,SAME,Not Correct,Not Correct,SAME,MEDIUM,MEDIUM,LOW,MEDIUM,Chatbot
2/13/25 0:10,2/13/25 0:18,193.166.108.65,503,R_8nILfCbV7DT317z,63.1092,21.5936,0,0,13,25,2,2,2,0,"1,4",4,"3,4","2,3,4",12,10,5,1,5,2,1,-,-,-,-,0,2025-02-13 0:56:06,2025-02-13 1:21:14,193.166.108.65,1507,R_2jdOizB2yhyWoGx,63.1092,21.5936,0,0,"The Ġdata Ġcollected Ġshould Ġbe Ġqualitative Ġand Ġquantitative . ĠQuantitative Ġmethods Ġof Ġthe Ġd ay Ġwould Ġinclude Ġfor Ġexample Ġdifferent Ġanalytics Ġof Ġstudents , Ġsuch Ġas Ġdemographic Ġinformation . ĠHowever , Ġqualitative Ġdata , Ġcollected Ġwith Ġinterviews , Ġan ec d ot es , Ġobservations Ġis Ġgoing Ġneeded Ġas Ġwell . ĠThe Ġdata Ġshould Ġinclude Ġfor Ġexample Ġthe Ġchallenges Ġor Ġgoals Ġof Ġstudents , Ġand Ġcap t ure Ġthe Ġkey Ġelements Ġand Ġtypical Ġbehavior Ġof Ġthe Ġstudents Ġto Ġcreate Ġa Ġrealistic Ġpersonas Ġof Ġa Ġtypical Ġmarketing Ġcourse Ġstudent . ĠPerhaps Ġalso Ġdata Ġof Ġthe Ġlearning Ġstyles Ġof Ġstudents Ġcould Ġbe Ġbeneficial Ġin Ġcreating Ġthe Ġstudent Ġpersona . ĠAlso , Ġthe Ġpersona Ġshould Ġbe Ġupdated Ġon ce Ġin Ġa Ġwh ile Ġby Ġcollecting Ġmore Ġdata Ġto Ġinclude Ġdifferent Ġtrends Ġetc ., Ġs in ce Ġthey Ġcan Ġ"" ex p ire "" Ġso Ġto Ġs ay . ĠThe Ġdata Ġcollection Ġshould , Ġhowever , Ġreg ar d Ġthe Ġle g al Ġaspects , Ġsuch Ġas ĠG D P R .","The Ġdata Ġwould Ġbe Ġsegmented Ġbased Ġon Ġthe Ġkey Ġcharacteristics Ġof Ġthe Ġstudents , Ġfor Ġexample Ġutil izing Ġanalytical Ġmethods , Ġsuch Ġas ĠM at rix Ġfact oring Ġand Ġcluster Ġanalysis Ġto Ġseparate Ġdifferent Ġgroups Ġof Ġlearners Ġfrom Ġeach Ġother . ĠSo , Ġto Ġseparate Ġthe Ġuser Ġtypes Ġand Ġtailor Ġthe Ġpersona Ġto Ġthem .","The Ġpersona Ġprofiles Ġshould Ġbe Ġb rie f Ġsummar ies Ġof Ġthe Ġkey Ġcharacteristics Ġof Ġstudents Ġ- Ġfor Ġexample Ġone Ġs l ide Ġor ĠA 4 Ġof Ġdescription Ġwith Ġa Ġpicture Ġma d e Ġwith ĠC anva Ġor Ġother Ġtool . ĠThe Ġprofiles Ġcan Ġbe Ġcreated Ġe . g . Ġby Ġgiving Ġthe Ġpersonas Ġnames , Ġback st ories , Ġincluding Ġthe Ġgoals Ġand Ġthe Ġchallenges Ġof Ġthe Ġpersona Ġ- Ġand Ġth us Ġmaking Ġthem Ġmore Ġhuman - like . ĠThis Ġincludes Ġalso Ġtheir Ġtypical Ġbehavior .",6,"The Ġevaluation Ġof Ġthe Ġpersona Ġshould Ġbe Ġdone Ġintern ally Ġand Ġex tern ally . ĠIn ternal Ġtesting Ġmean ing Ġanalytical Ġtest s Ġand Ġexternal Ġe . g . Ġuser Ġtesting Ġor ĠA / B - test ing . ĠThe Ġ Ġquality Ġof Ġthe Ġdata Ġplay s Ġa Ġbig Ġro le Ġin Ġhere , Ġbecause Ġfrom Ġlacking Ġdata Ġyou Ġcannot Ġcreate Ġa Ġsu fficient Ġstudent Ġpersona Ġthat Ġwould Ġwork Ġin Ġreal - life Ġsituation , Ġsuch Ġas Ġin Ġclassroom . ĠR eas ons Ġfor Ġpo or Ġdata Ġmi ght Ġbe Ġover Ġrel i ance Ġto Ġquantitative Ġdata . Ġ",4,3,All of the above,0,1,0,0,They Ġcan Ġbe Ġused Ġto Ġcreate Ġpersona Ġdescriptions .,For Ġdata Ġcollection .,For Ġdata Ġcollection .,3,2,6,4,1,2,6,4,3,6,Correct,Not Correct,DECLINED,Not Correct,Correct,IMPROVED,Correct,Not Correct,DECLINED,Correct,Not Correct,DECLINED,HIGH,HIGH,HIGH,HIGH,Chatbot
2/13/25 0:10,2/13/25 0:19,85.76.76.143,518,R_2dXtd952juNtA5k,60.2149,24.799,0,0,7,47,2,3,2,0,"1,3","3,4",3,"2,3,4",13,1,5,1,5,5,5,I Ġdon 't Ġknow,No Ġ Ä ł ide a,beats Ġ Ä ł m e,"Et hical . ĠFor Ġpeople Ġit Ġis Ġdifficult Ġto Ġremember Ġthat Ġm ach in es Ġact ing Ġlike Ġpeople Ġare Ġnot Ġreal Ġpeople , Ġbut Ġcan Ġbe Ġused Ġfor Ġman ip ulation Ġby Ġother Ġpeople .",0,2025-02-13 0:55:44,2025-02-13 1:25:36,85.76.76.143,1792,R_2Vr512AJd8swyeX,60.2149,24.799,0,0,"M ult i ple Ġkind s Ġof Ġdata Ġcan Ġand Ġshould Ġbe Ġused , Ġsuch Ġas Ġuser Ġanalytics , Ġmarket Ġsurveys , Ġsocial Ġmedia Ġmetrics , Ġobservations , Ġinterviews , Ġfocus Ġgroups . ĠIt 's Ġgood Ġto Ġhave Ġboth Ġmeas ur able Ġmetrics Ġ( i . e . Ġquantitative ) Ġwhich Ġis Ġusually Ġmore Ġtypical , Ġand Ġalso Ġen r ich Ġthat Ġwith Ġqualitative Ġresearch Ġdata . ĠThe Ġdata Ġshould Ġbe Ġrevis ited Ġand Ġref re s hed Ġthrough Ġtime Ġso Ġthat Ġthe Ġpersonas Ġdo Ġnot Ġbecome Ġstatic . ĠIn Ġa Ġstudent Ġpersona Ġcase Ġfor Ġa Ġmarketing Ġcourse Ġthe Ġdata Ġcollected Ġcould Ġcover Ġall Ġread ily Ġavailable Ġdata Ġon Ġthe Ġmarketing Ġstudents Ġat ĠV a as a . ĠHowever , Ġas ĠI Ġam Ġnot Ġdo ing Ġany Ġteaching Ġassignments Ġin Ġthe Ġuniversity , ĠI Ġdon 't Ġknow Ġwhat Ġare Ġthe Ġactual Ġdata Ġsources Ġthat Ġcould Ġbe Ġapplied Ġin Ġthis Ġcase . ĠHowever , Ġthe Ġkey Ġinfo Ġthat Ġshould Ġbe Ġobtained Ġare Ġe . g . Ġstudy Ġgoals Ġ& Ġspecific Ġchallenges , Ġlearning Ġpreferences , Ġcourses Ġse lect ed , Ġcareer Ġpl ans Ġetc ., Ġpersonal Ġinformation Ġe . g . Ġage , Ġgender Ġ( demographics )","The Ġdata Ġcan Ġbe Ġanalys ed Ġusing Ġdifferent Ġclustering Ġmethods , Ġsuch Ġas ĠK - means Ġor Ġhier archical Ġclustering , Ġin Ġorder Ġto Ġhave Ġdemographic , Ġpsychographic Ġand Ġbehavioural Ġsegments Ġsynthe s ized Ġout Ġof Ġthe Ġdata . ĠAlso ĠNLP Ġcould Ġbe Ġused .","The Ġsegments Ġcan Ġbe Ġthen Ġt ur n ed Ġinto Ġpersona Ġprofiles Ġusing Ġp owerpoint Ġor Ġcanva . ĠThe Ġpersona Ġis Ġgiven Ġan Ġactual Ġcharacter Ġwith Ġa Ġname Ġand Ġa Ġprofile Ġpicture , Ġincluding Ġall Ġthe Ġconden s ed Ġinfo Ġcharacter izing Ġthe Ġkey Ġaspects Ġrelated Ġto Ġmarketing Ġcourse Ġstudent Ġsegments . ĠThese Ġcould Ġbe Ġage , Ġgender , Ġlearning Ġgoals , Ġstudy Ġstyle , Ġspecific Ġmotivations Ġand Ġchallenges .",7,"The Ġevaluation Ġshould Ġcover Ġinternal Ġ& Ġexternal Ġvalid ations , Ġsuch Ġas ĠA / B Ġtesting . ĠĠ",4,5,All of the above,0,1,0,0,For Ġcreating Ġthe Ġpersona Ġprofiles .,For Ġdata Ġcollection .,For Ġpersona Ġprofile Ġcreation Ġfrom Ġall Ġthe Ġdata .,4,4,3,4,2,2,3,5,2,7,Correct,Not Correct,DECLINED,Not Correct,Correct,IMPROVED,Not Correct,Not Correct,SAME,Not Correct,Not Correct,SAME,HIGH,HIGH,HIGH,MEDIUM,Chatbot
2/13/25 0:11,2/13/25 0:19,193.166.113.6,487,R_2DYADIupQ1S6J8F,63.1198,21.6798,0,0,12,39,2,2,1,5,3,3,3,4,12,1,5,1,5,2,5,No Ġidea .,No Ġ Ä ł ide a Ġ .,No Ġ Ä ł ide a Ġ .,No Ġidea .,0,2025-02-13 10:06:47,2025-02-13 10:21:16,193.166.113.6,868,R_2JEZZFhi751EYmw,63.1198,21.6798,0,0,"You Ġcould Ġcollect Ġfor Ġexample Ġdemographic Ġdata Ġsuch Ġas Ġage , Ġgender Ġand Ġlocation Ġof Ġthe Ġtarget Ġg ou p , Ġbehavioural Ġdata Ġsuch Ġas Ġeducational Ġbackground Ġand Ġacademic Ġand Ġcareer Ġinterests , Ġbackground Ġin Ġmarketing , Ġlearning Ġpreferences . ĠYou Ġcould Ġalso Ġuse Ġa Ġsurvey Ġto Ġcollect Ġinformation Ġon Ġthe Ġmotivations , Ġgoals Ġchallenges Ġand Ġemot ions Ġthat Ġthe Ġtarget Ġgroup Ġas so ci ates Ġwith Ġthe Ġcourse . Ġ Y our Ġaim Ġis Ġto Ġcollect Ġdata Ġto Ġbe Ġable Ġto Ġdescribe Ġ"" a Ġtypical Ġstudent "".","I Ġguess Ġyou Ġcould Ġuse Ġjust Ġbasic Ġstatistical Ġmethods Ġyou Ġwould Ġuse Ġfor Ġsegmentation Ġin Ġgeneral . ĠBut Ġin Ġthe Ġstudy Ġmaterial Ġsome Ġspecific Ġmore Ġadvanced Ġmethods Ġthat Ġwere Ġnew Ġto Ġme , Ġsuch Ġas Ġnon - n e g ative Ġmet rix Ġfact or ization Ġand Ġel b ow Ġapp ro ach Ġwere Ġment ion ed . ĠBut Ġto Ġbe Ġable Ġto Ġunderstand Ġwhat Ġthose Ġare Ġand Ġto Ġbe Ġable Ġto Ġuse Ġthem , ĠI Ġwould Ġneed Ġto Ġstudy Ġa Ġlot Ġmore .","You Ġbasic ly Ġsynthe z ise Ġthe Ġkey Ġattributes Ġof Ġthe Ġsegments Ġto Ġcreate Ġa Ġv ivid Ġhuman - like Ġdescription Ġof Ġa Ġfict ional Ġpersona Ġof Ġ1 Ġto Ġ2 Ġpages . ĠIn Ġaddition Ġto Ġsyn te z is ing , Ġyou Ġcan Ġgive Ġthe Ġpersona Ġa Ġname , Ġa Ġpicture , Ġand Ġthen Ġdescribe Ġits Ġbackground , Ġgoals , Ġfeel ings Ġetc . ĠYou Ġcan Ġcreate Ġa Ġnarr ative Ġon Ġthe Ġstudy Ġj our n ey Ġor Ġthis Ġim ag in ative Ġstudent .",8,The Ġkey Ġof Ġevaluating Ġthe Ġaccur at en ess Ġof Ġthe Ġpersonas Ġis Ġuser Ġfeedback . ĠIn Ġorder Ġto Ġget Ġthis Ġfeed - back Ġyou Ġcan Ġuse Ġboth Ġquantitative Ġand Ġqualitative Ġmethods . ĠYou Ġcan Ġalso Ġcomp are Ġthe Ġprofiles Ġwith Ġre el Ġuser Ġanalytics .,4,5,"Surveys and interviews,Behavioral data from apps",0,2,0,1,Maybe Ġfor Ġsyn he s izing Ġthe Ġdata Ġand Ġcreating Ġthe Ġdocument Ġto Ġdescribe Ġthe Ġpersona .,No Ġidea .,Maybe Ġfor Ġcomparing Ġthe Ġpersonas Ġwith Ġreal Ġuser Ġanalytics Ġand Ġen han c ing Ġthem .,6,6,6,6,2,6,6,2,5,6,Correct,Not Correct,DECLINED,Not Correct,Not Correct,SAME,Correct,Not Correct,DECLINED,Not Correct,Correct,IMPROVED,HIGH,MEDIUM,HIGH,HIGH,Deepfake
2/13/25 0:09,2/13/25 0:19,193.166.108.69,632,R_8m1Ou9kltVx56Vz,63.1092,21.5936,0,0,4,44,1,1,1,12,"2,3","3,4",4,"2,4",12,10,4,1,2,2,1,No Ġidea .,No Ġ Ä ł ide a Ġ .,To Ġ Ä ł he l p Ġ Ä ł e v ol ve Ġ Ä ł and Ġ Ä ł u p d ate Ġ Ä ł based Ġ Ä ł on Ġ Ä ł on e Ġ ' s Ġ Ä ł t ar get Ġ Ä ł a ud ience Ġ Ä ł and Ġ Ä ł n iche Ġ Ä ł c ons um er Ġ Ä ł base Ġ .,"- ĠYou Ġneed Ġto Ġhave Ġthe Ġcorrect Ġtarget Ġniche Ġfor Ġpersona 's Ġto Ġbe Ġeffective . Ġ Ċ - Ġ U nders tand ing Ġthe Ġchallenges Ġand Ġp ain Ġpoints Ġof Ġyour Ġtarget Ġniche Ġand Ġthat Ġthe Ġpersona Ġreflects Ġthose Ġaccurate ly . Ġ Ċ - ĠM eas uring Ġeff ect iveness Ċ - Ev ol ving Ġand Ġchan ging Ġconsumer Ġneeds Ġ Ċ - The ir Ġare Ġmore Ġthan Ġa Ġs ing le Ġpersona Ġthat Ġany Ġone Ġb r and Ġor Ġcompany Ġneeds , Ġso Ġthere Ġis Ġa Ġlot Ġto Ġman age . Ġ",0,2025-02-13 10:06:36,2025-02-13 10:25:03,193.166.108.69,1106,R_8hSk7lSbck7nRfu,63.1092,21.5936,0,0,"What Ġdata Ġto Ġcollect : Ġ1 ) Ġyou Ġneed Ġdemographic Ġinformation Ġ( age , Ġgender , Ġlocation , Ġetc .); Ġ2 ) Ġstudent Ġbackground Ġ( ma jor , Ġprevious Ġeducation , Ġetc .); Ġ3 ) Ġbehavioral Ġdata Ġ( c ourse Ġparticipation , Ġonline Ġinteractions ); Ġ 4 ) Ġpreferences Ġ( le arning Ġstyles , Ġcontent Ġengagement , Ġetc .). Ċ How Ġto Ġcollect : Ġyou Ġcan Ġuse : Ġ1 ) a utom ated Ġsystem s Ġof Ġevol ving Ġonline Ġinteractions ; Ġ2 ) Ġsocial Ġmedia Ġanalytics ; Ġor , Ġ3 ) Ġfocus Ġgroups . Ġ Ċ How Ġmuch : Ġthe Ġsample Ġneeds Ġto Ġbe Ġlarge Ġenough Ġto Ġprodu ce Ġstatistically Ġsignificant Ġdata Ġto Ġensure Ġrepresentativeness . Ġ","You Ġcan Ġsegment Ġthe Ġdata Ġon Ġattributes Ġvia : Ġ1 ) Ġclustering Ġbehaviors Ġand Ġdemographics Ġ( e . g ., Ġage ); Ġ2 ) Ġstatistical Ġalgorithms Ġto Ġidentify Ġpatterns Ċ Ċ You Ġneed Ġdiverse Ġsegments Ġthat Ġare Ġillustr ative Ġof Ġthe Ġr an ge Ġof Ġstudents . ĠĠ","You Ġneed Ġa Ġpersona Ġto Ġen c ap s ul ate Ġthe Ġneeds Ġand Ġcharacteristics Ġof Ġthe Ġgroup , Ġgive Ġeach Ġpersona Ġa Ġname , Ġimage Ġand Ġdetail ed Ġdescriptions Ġof Ġgoals Ġand Ġpatterns Ġof Ġbehavior . ĊĊ",9,"You Ġneeds Ġto Ġtest Ġpersonas Ġwith Ġreal Ġdec is ions Ġand Ġfeedback . - Ġask Ġstudents Ġor Ġst ake ho ld ers Ġto Ġvalidate Ġpersona Ġagainst Ġexperiences . ĠYou Ġneed Ġcontinuous Ġdata Ġcollection Ġand Ġevaluation Ġbecause Ġdemographics Ġand Ġbehavior Ġpatterns Ġchange . ĠĊ Ċ Personas Ġare Ġimportant Ġbecause Ġthey Ġcan Ġhelp Ġa Ġteacher Ġcreate : Ġpsychological Ġengagement Ġ( em p at hy Ġto w ar ds Ġhow Ġstudents Ġlearn ); Ġfocus Ġon Ġuser Ġgoals Ġin Ġteaching ; Ġchallen ge Ġassumptions Ġ( i . e ., Ġchallen g er Ġteacher Ġassumptions Ġof Ġstudents ); ĠP rom ote Ġincl us ivity ; Ġand , Ġf ac il it ate Ġuser - c ent ered Ġdesign . ĠĠ",2,3,All of the above,0,1,0,0,"P os sibly , Ġbegin Ġto Ġ rough ly Ġbuild Ġan Ġimage Ġand Ġdescription Ġof Ġindividual Ġpersona Ġsegments Ġduring Ġanalysis . Ġ","pos sibly Ġtrack Ġuser Ġpatterns , Ġdemographics Ġand Ġpreferences . Ġ","They Ġcan Ġhelp Ġcollect Ġbehavioral Ġdata Ġand Ġpreferences Ġas Ġwell Ġas Ġdevelop Ġcl ust ers Ġof Ġdata Ġon Ġbehaviors Ġand Ġdemographics . ĠAlso , Ġlike ly Ġhelp Ġto Ġdevelop Ġstatistically Ġsignificant Ġpatterns Ġin Ġsegmentation . Ġ",5,6,6,3,1,6,5,2,4,2,Correct,Not Correct,DECLINED,Correct,Correct,SAME,Correct,Not Correct,DECLINED,Correct,Not Correct,DECLINED,HIGH,HIGH,MEDIUM,HIGH,Deepfake
2/13/25 0:10,2/13/25 0:20,193.166.113.43,599,R_83pqGRKBhCMAliU,63.1198,21.6798,0,0,25,61,4,2,2,10,3,4,4,3,10,1,5,5,5,5,5,"I Ġdon 't Ġknow , Ġpls Ġtell Ġme","I Ġ Ä ł don Ġ ' t Ġ Ä ł k now Ġ , Ġ Ä ł pl s Ġ Ä ł t ell Ġ Ä ł m e","I Ġ Ä ł don Ġ ' t Ġ Ä ł k now Ġ , Ġ Ä ł pl s Ġ Ä ł t ell Ġ Ä ł m e","I Ġdon 't Ġknow , Ġpls Ġtell Ġme",0,2025-02-13 0:56:12,2025-02-13 1:08:27,193.166.113.43,735,R_8QmNSUbmrzjvVS6,63.1198,21.6798,0,0,"d ep ends Ġon Ġfor Ġwhat Ġpur p ose , Ġo k Ġmarketing , Ġbut Ġmarketing Ġwhat ? Ġsounds Ġa Ġl it t le Ġ"" t un get te le va ista "" Ġto Ġcollect Ġevery th ing Ġfor Ġ"" some Ġuse "" Ċ = > Ġi Ġdon 't Ġknow",?,"s orry , ĠI Ġhave Ġdifficult ies Ġto Ġcont ribut e Ġon Ġthis , ĠThe Ġcon te x Ġis Ġso Ġw ide , Ġit Ġneeds Ġlimit ations",10,"s ame Ġiss ue , Ġif Ġyou Ġwant Ġto Ġse ll Ġa Ġcar Ġto Ġthem Ġor Ġmarket Ġa Ġre sta ur ant , Ġit Ġwould Ġbe Ġmore Ġaccurate . Ġbut Ġif Ġyou Ġjust Ġcollect Ġthe Ġdata Ġfor Ġr and om ? ?",2,2,Skip. I do not know,0,0,0,0,?,ap i Ġclasses Ġare Ġfor Ġo il Ġgr u op ing Ġ( am er ic an Ġp et ro le um Ġind ustr y ).,?,5,2,5,5,5,5,5,3,3,4,Not Correct,Not Correct,SAME,Not Correct,Not Correct,SAME,Not Correct,Not Correct,SAME,Not Correct,Not Correct,SAME,LOW,LOW,LOW,LOW,Chatbot
2/13/25 0:11,2/13/25 0:21,193.166.113.5,551,R_2YEUpX50AEDp8hI,63.1198,21.6798,0,0,2,61,2,2,2,0,3,3,3,2,10,1,"1,2,3,4",1,2,2,1,don 't Ġknow,don Ġ ' t Ġ Ä ł k now,don Ġ ' t Ġ Ä ł k now,?,0,2025-02-13 10:06:47,2025-02-13 10:28:39,193.166.113.5,1311,R_28J5LmGFsqExp3I,63.1198,21.6798,0,0,"P ers oon an Ġlu om isen Ġpo h ja ksi Ġk an n att aa ĠkerÃ¤tÃ¤ Ġhyvin Ġmon ip u ol isest i Ġerila ista ĠsekÃ¤ Ġkvalitatiiv ista ĠettÃ¤ Ġkvantitatiiv ista Ġaineist o a . Ġ Ha ast att el u j en Ġja Ġhavainno in n in Ġav ull a ĠsekÃ¤ Ġerilais illa ĠkyselyillÃ¤ Ġvois i ĠkerÃ¤tÃ¤ Ġesim . Ġse ur aa via Ġtietoja : ĠhenkilÃ¶ n Ġdemogr af is et Ġta ust at , Ġval ok u via ĠhenkilÃ¶stÃ¤ . ĠV ois i ĠkerÃ¤tÃ¤ ĠsekÃ¤ Ġhavainno im all a ĠettÃ¤ ĠkyselyillÃ¤ Ġtietoja ĠsiitÃ¤ , Ġmiten ĠhenkilÃ¶ Ġto im ii Ġvast aa van lais essa Ġoppimist il ant e essa Ġesim . Ġmiten Ġp al j on Ġky sy m y ksi Ã¤ Ġes it tÃ¤Ã¤ , Ġk es k uste le e Ġto v ere id en Ġk ans sa , Ġte kee Ġm u ist i in p an o ja Ġy ms . ĠK erÃ¤ isin ĠmyÃ¶s Ġtietoa Ġmm . Ġaiemm asta Ġk ou l ut uks est a Ġja Ġaiemm ista Ġopin no ista ĠsekÃ¤ Ġopint omen est y ks estÃ¤ Ġeri Ġtyyp is iss Ã¤ Ġaine iss a . ĠL isÃ¤ ksi ĠkerÃ¤ isin Ġtietoa Ġerilais ista Ġpersoon all is u ud en Ġp i ir te istÃ¤ , Ġoppimist yy l istÃ¤ Ġ( se kÃ¤ Ġmm . ĠsiitÃ¤ ĠminkÃ¤ lais et Ġoppim iss isÃ¤ ll Ã¶ t ĠhenkilÃ¶ Ġk o kee Ġva ike iksi Ġta i Ġhelp o iksi , Ġopp ii ko Ġp ar ha iten Ġr y hm Ã¤ ss Ã¤ Ġva i Ġyks in ...) , Ġopiskel ut ot t um uks ista , Ġopint ota vo itte ista , Ġku n n i an h im o sta , Ġ Ã¤ ly k k yy d estÃ¤ , Ġar vo ista ĠsekÃ¤ Ġas ent e ista Ġliittyen Ġopet eta vi in Ġs isÃ¤ lt Ã¶ ihin ĠsekÃ¤ Ġliittyen Ġoppim iseen Ġja Ġom aan Ġo sa am iseen .",E r ila isia Ġk luster oint im en et el m i Ã¤ Ġv oid aan Ġk Ã¤ y t tÃ¤Ã¤ Ġsegment o im aan Ġkvantitatiiv isia Ġtietoja Ġja Ġto ki ĠmyÃ¶s Ġkvantitatiiv ise ksi Ġlu ok it el t u ja Ġkvalitatiiv isia Ġtietoja .,"Segment t i en Ġom in ais u u ksi en Ġper uste ell a Ġluodaan Ġkuvaus Ġsegment istÃ¤ , Ġj ota Ġsit ten ĠtÃ¤ y den n et Ã¤ Ã¤n Ġl a ad ull isen Ġaineist on Ġtar j o am illa Ġyks ity is ko h d illa Ġk ut en Ġkuv illa , Ġesimerk ki Ġmiel ip ite illÃ¤ Ġt ms . ĠN Ã¤ in Ġluodaan Ġkuvaus Ġkuv itte ell isest a ĠhenkilÃ¶stÃ¤ , Ġjok a Ġhavain n oll ista a Ġel Ã¤ v Ã¤ st i Ġja Ġesimerk in om ais est i ĠminkÃ¤ l ain en Ġi hm inen Ġon Ġtyyp ill inen ĠtÃ¤ m Ã¤n Ġsegment in Ġed usta ja . ĠOp et t a ja Ġr Ã¤ Ã¤ tÃ¤ l Ã¶ i Ġopet uks en Ġeri k se en Ġjok ais el le Ġpersoon al le .",11,"K erÃ¤ tÃ¤ Ã¤n Ġtietoa Ġoppimistuloks ista Ġja Ġopiskelijoiden Ġkok emuks ista ; ĠsiitÃ¤ Ġmiten Ġhe Ġkok ivat Ġval it un Ġoppim ista van . ĠOp iskel ij at Ġvois ivat ĠmyÃ¶s Ġit se Ġar vi oid a Ġku ink a Ġhyvin Ġse Ġpersoon a , Ġjo h on Ġheid Ã¤n Ġk ats ot aan Ġku ul u van , Ġheid Ã¤ Ġom asta Ġmiel estÃ¤ Ã¤n Ġkuva a Ġhe it Ã¤ . ĠV er r ata an Ġoppimistuloks ia Ġja Ġopiskelijoiden Ġoppim is k ok emuks ia Ġk ah den Ġopiskelij ary hm Ã¤n Ġv Ã¤ l illÃ¤ Ġa ) Ġta van om a ista Ġopetusta Ġsaaneet Ġv s . Ġ2 ) Ġpersoon o ihin Ġper ust u va a Ġopetusta Ġsaaneet",3,3,"Social media analytics,Surveys and interviews,Behavioral data from apps,All of the above",1,1,0,0,For Ġillustrating Ġthe Ġpersonas,?,?,6,6,6,6,2,6,6,2,4,5,Correct,Not Correct,DECLINED,Correct,Correct,SAME,Correct,Not Correct,DECLINED,Correct,Not Correct,DECLINED,HIGH,MEDIUM,HIGH,HIGH,Deepfake
2/13/25 0:09,2/13/25 0:21,193.166.125.254,720,R_80M4qTqlbBDJBt2,63.0945,21.631,0,0,26,46,1,2,1,10+,"1,2,3,4",5,4,2,11,11,4,1,2,2,1,for Ġdata Ġvisual is ation Ġand Ġanalysis,for Ġ Ä ł in te gr ation Ġ Ä ł p ur poses Ġ ?,accuracy Ġ Ä ł o f Ġ Ä ł persona Ġ Ä ł p ro f ile Ġ ?,te chn ical Ġskills Ġand Ġcap a bil ities Ġlacking Ġfrom Ġmarketing Ġprof ess ion als Ġto Ġfully Ġintegr ate Ġthe Ġp ot ent ial Ġof Ġdata Ġdriven Ġpersonas .,0,2025-02-13 10:06:28,2025-02-13 10:17:29,193.166.125.254,660,R_8J4n2Y3AswIDDu5,63.0945,21.631,0,0,"the Ġlim ited Ġtime Ġdiscussion Ġwith Ġthe Ġb ot Ġdid nt Ġallow Ġme Ġto Ġget Ġto Ġthis Ġtask Ġassignment . Ġthe Ġdiscussion Ġl ed Ġto Ġsome Ġdetail s Ġon Ġevaluation Ġmethods Ġbetween Ġexp er ts Ġand Ġstudents Ġand Ġwere Ġnot Ġfocus ed Ġon Ġthe Ġtasks . Ċ Ċ how ever , Ġbased Ġon Ġprevious Ġknowledge Ġi Ġwould Ġdo Ġthis : Ġ Ċ L o ok Ġat ĠR ec or ds : ĠC hec k Ġun i Ġinfo Ġlike Ġage , Ġgrades , Ġand Ġwhat Ġother Ġclasses Ġpeople Ġhave Ġtaken . Ċ Ask ĠQu est ions Ġ: ĠUse Ġonline Ġsurvey Ġto Ġask Ġstudents Ġabout Ġtheir Ġgoals , Ġst ru g g les , Ġand Ġhow Ġthey Ġlike Ġto Ġlearn Ġmarketing . Ċ T alk Ġto ĠStudents : ĠC hat Ġwith Ġsome Ġstudents Ġto Ġreally Ġunderstand Ġwhat Ġmakes Ġthem Ġt ick , Ġwhat Ġthey Ġwant Ġfrom Ġthe Ġclass , Ġetc . Ċ - ĠG roup ĠD iscussions : ĠG et Ġs m all Ġgroups Ġof Ġstudents Ġto get her Ġto Ġt alk Ġabout Ġtheir Ġexperiences Ġand Ġwhat Ġthey Ġexpect Ġfrom Ġthe Ġcourse Ġor Ġthe Ġdegree Ġin Ġgeneral . Ċ","Group ĠS im ilar ĠStudents : ĠUse Ġcomputer Ġtools Ġto Ġput Ġstudents Ġinto Ġgroups Ġbased Ġon Ġwhat Ġthey Ġhave Ġin Ġcommon . Ċ F ig ure Ġout Ġthe Ġmost Ġimportant Ġthings Ġthat Ġin f l u ence Ġhow Ġstudents Ġact Ġin Ġthe Ġclass . Ċ R e ad Ġthrough Ġwhat Ġstudents Ġs a id Ġin Ġinterviews Ġand Ġfocus Ġgroups Ġand Ġfind Ġcommon Ġthemes . Ċ Group Ġstudents Ġbased Ġon Ġhow Ġin v olved Ġthey Ġare , Ġhow Ġthey Ġlearn , Ġand Ġwhat Ġjobs Ġthey Ġwant Ġin Ġthe Ġfuture Ċ","P ick ĠI m p ortant ĠTr aits : ĠC ho ose Ġ 5 - 7 Ġthings Ġthat Ġdescribe Ġeach Ġ"" fake Ġstudent ,"" Ġlike Ġtheir Ġage , Ġgoals , Ġchallenges , Ġand Ġhow Ġthey Ġlike Ġto Ġlearn . Ċ M ake Ġup Ġa Ġstory Ġfor Ġeach Ġ"" fake Ġstudent ,"" Ġgiving Ġthem Ġa Ġname , Ġa Ġbackground , Ġand Ġdescrib ing Ġhow Ġthey Ġusually Ġact . Ċ F ind Ġa Ġpicture Ġthat Ġf its Ġeach Ġ"" fake Ġstudent "" Ġand Ġput Ġall Ġtheir Ġinfo Ġin Ġan Ġeas y - to - read Ġform at . Ċ Use Ġa ĠT em pl ate : ĠKeep Ġall Ġthe Ġ"" fake Ġstudent "" Ġprofiles Ġor g an ized Ġand Ġcons ist ent . Ċ",12,"Ask Ġnew Ġstudents Ġto Ġp ick Ġwhich Ġ"" fake Ġstudent "" Ġis Ġmost Ġlike Ġthem . ĠIf Ġmost Ġstudents Ġcan Ġfind Ġa Ġmat ch , Ġwe ' re Ġon Ġthe Ġright Ġtrack . Ġthis Ġis Ġto Ġbe Ġdone Ġat Ġthe Ġbegin n ing Ġof Ġthe Ġacademic Ġyear Ġand Ġuseful Ġfor Ġall Ġcourses . Ċ - ĠC re ate Ġclass Ġmaterials Ġthat Ġare Ġdesign ed Ġfor Ġeach Ġ"" fake Ġstudent "" Ġand Ġsee Ġif Ġstudents Ġare Ġmore Ġinterested Ġin Ġone Ġor Ġthe Ġother Ġactivity . Ġ Evalu ate Ġwhich Ġactivity Ġwas Ġbest . Ċ ĠA s k Ġother Ġteach ers Ġif Ġthe Ġ"" fake Ġstudents "" Ġseem Ġlike Ġreal Ġstudents Ġthey 've Ġtaught . Ċ on Ġa Ġyearly Ġbas is , ĠKeep Ġimproving Ġthe Ġ"" fake Ġstudents "" Ġas Ġwe Ġget Ġnew Ġinformation Ġand Ġfeedback . Ċ",3,3,All of the above,0,1,0,0,to Ġpresent Ġresults Ġof Ġpersona Ġresearch .,inter op er ability Ġof Ġdata Ġac qu is ition,"data Ġanalysis , .",5,5,5,4,2,3,3,4,5,6,Correct,Not Correct,DECLINED,Correct,Correct,SAME,Correct,Not Correct,DECLINED,Correct,Not Correct,DECLINED,MEDIUM,HIGH,HIGH,HIGH,Deepfake
2/13/25 0:09,2/13/25 0:21,193.166.113.9,703,R_8gDEnlON1dLYBUZ,63.1198,21.6798,0,0,14,29,2,4,2,0,"3,4","3,4","3,4","2,3",11,1,4,5,5,2,1,I Ġdon 't Ġknow .,I Ġ Ä ł don Ġ ' t Ġ Ä ł k now Ġ .,"Marketing Ġ , Ġ Ä ł ad ds Ġ , Ġ Ä ł c on t ent Ġ Ä ł c an Ġ Ä ł be Ġ Ä ł cur ated Ġ Ä ł for Ġ Ä ł ind ivid ual Ġ Ä ł n e ed s Ġ Ä ł based Ġ Ä ł on Ġ Ä ł the Ġ Ä ł data Ġ Ä ł der ived Ġ Ä ł f rom Ġ Ä ł c ons um ers Ġ .",User Ġri ghts .,0,2025-02-13 10:06:33,2025-02-13 10:29:36,193.166.113.9,1383,R_8H1x0o4PzcWGAzO,63.1198,21.6798,0,0,"Perhaps ĠI ' d Ġstart Ġby Ġdist ribut ing Ġa Ġsurvey Ġamong Ġthe Ġstudents Ġand Ġcollecting Ġtheir Ġdemographic Ġinformation . ĠI Ġwould Ġalso Ġadd Ġsome Ġquestions Ġthat Ġwould Ġgive Ġme Ġan Ġover view Ġof Ġtheir Ġpsychological Ġfeatures Ġrelated Ġto Ġlearning Ġ( e . g . Ġabout Ġtheir Ġmotivations Ġon Ġthe Ġto p ic , Ġwhy ?) Ġand Ġalso Ġquestions Ġrelated Ġto Ġtheir Ġbehaviour Ġ( e . g . Ġhow Ġdo Ġyou Ġlearn Ġthe Ġbest , Ġinteract ing , Ġwatching Ġa Ġv id eo , Ġreading ...)","When Ġha ving Ġthe Ġdata , ĠI Ġwould Ġshare Ġthe Ġclass Ġin Ġdifferent Ġgroups Ġbased Ġon Ġvarious Ġsegments ĠI Ġhave Ġidentified Ġfrom Ġthe Ġdata . ĠThese Ġsegments Ġwould Ġbe Ġcreated Ġaccording Ġto Ġthe Ġdifferent Ġattributes Ġrelated Ġto Ġlearning Ġidentified Ġfrom Ġthe Ġdata . ĠThen ĠI Ġwould Ġapply Ġthe Ġlearning Ġmethods Ġto Ġme et Ġthe Ġneeds Ġof Ġeach Ġsegment Ġ( e . g . Ġa Ġgroup Ġthat Ġpre f ers Ġlearning Ġby Ġreading Ġwill Ġbe Ġgiven Ġar t ic les Ġto Ġread Ġby Ġthemselves Ġand Ġperhaps Ġmake Ġa Ġsumm ary ...)","Ha ving Ġthe Ġattributes Ġof Ġeach Ġsegments , ĠI Ġcould Ġtr y Ġto Ġconden se Ġthem Ġin Ġsome Ġtyp e Ġof Ġpersonas Ġthat Ġcan Ġbe Ġalso Ġillustr ated Ġvisually . ĠPerhaps Ġthese Ġpersonas Ġcould Ġthen Ġhelp Ġme Ġto Ġunderstand Ġthe Ġdifferent Ġtypes Ġof Ġlearners Ġon Ġmy Ġclass Ġand Ġalso Ġdesign ing Ġmy Ġclasses Ġand Ġmaterials Ġaccording Ġto Ġtheir Ġneeds .",13,"This Ġis Ġa Ġgood Ġquestion , Ġbecause Ġthe Ġl at ter Ġstage Ġwould Ġcontain Ġmy Ġsubj ective Ġv i ew Ġon Ġhow Ġthe Ġpersona Ġwould Ġlo ok Ġlike Ġat Ġthe Ġend . ĠIt Ġfor Ġsure Ġwill Ġm iss Ġsome Ġattributes Ġof Ġsome Ġof Ġthe Ġindividual Ġlearners ĠI 've Ġput Ġu nd er Ġthe Ġs ame Ġ"" persona "". ĠHowever , Ġby Ġcollecting Ġcontinuous Ġfeedback Ġfrom Ġthe Ġstudents Ġ( e . g . Ġshort Ġsurvey Ġa fter Ġeach Ġclass ?) Ġwould Ġallow Ġme Ġto Ġmake Ġchan ges Ġon Ġthe Ġpersonas Ġover Ġtime . ĠI Ġguess Ġthis Ġis Ġwhat Ġthe Ġ"" d ynamic Ġpersonas "" Ġmean .",4,3,All of the above,0,2,0,0,B oth Ġmay Ġhelp Ġwith Ġillustrating Ġthe Ġpersona Ġwith Ġvarious Ġvisual Ġelements Ġand Ġtools .,I Ġstill Ġdon 't Ġknow Ġwhat ĠAPIs Ġis .,To Ġtailor Ġmore Ġindividual ized Ġexperiences Ġfor Ġthe Ġusers .,5,2,4,3,2,2,6,5,5,5,Not Correct,Not Correct,DECLINED,Not Correct,Not Correct,SAME,Correct,Not Correct,DECLINED,Correct,Not Correct,DECLINED,MEDIUM,HIGH,HIGH,HIGH,Deepfake
2/13/25 0:10,2/13/25 0:21,193.166.113.12,689,R_2DqeNk7VcxzOI2g,63.1198,21.6798,0,0,5,47,2,2,1,around 20 yrs,"1,2,3,4",4,"3,4","2,3",12,12,4,1,2,2,1,As Ġdata Ġsources ?,?,?,They Ġare Ġnot Ġne cess ar ily Ġcon n ect ed Ġto Ġreal - life Ġconsumer Ġactions,0,2025-02-13 0:57:03,2025-02-13 1:18:28,193.166.113.12,1285,R_8IaAI1lS5Cv8UIF,63.1198,21.6798,0,0,"The Ġdata Ġcollection Ġshould Ġbe Ġas Ġrich Ġas Ġpossible , Ġcontain ing Ġinformation Ġon Ġtheir Ġbasic Ġinfo Ġsuch Ġas Ġdemographics Ġand Ġgeographic , Ġbut Ġalso Ġabout Ġtheir Ġbehaviors Ġand Ġpsychograp ics . ĠS ources Ġfor Ġsuch Ġdata Ġcould Ġbe Ġsurveys , Ġobs er ving Ġstudents Ġin Ġthe Ġclass Ġroom , Ġand Ġcarry ing Ġout Ġinterviews , Ġor Ġeven Ġsocial Ġmedia Ġbehaviors . Ġ",The Ġdata Ġanalysis Ġshould Ġbe Ġbased Ġon Ġm ap p ing Ġout Ġthe Ġpatterns Ġin Ġdata . ĠFor Ġquantitative Ġdata Ġbasic Ġmethods Ġused Ġfor Ġsegmentation Ġsuch Ġas Ġcluster Ġanalysis Ġrelying Ġon ĠK - means Ġmethod Ġcan Ġbe Ġapplied . ĠFor Ġqualitative Ġdata Ġtypical Ġmethods Ġfor Ġlarge Ġqualitative Ġdata Ġsuch Ġas ĠNLP Ġcan Ġbe Ġapplied .,"The Ġcreated Ġpersonas Ġwould Ġbe Ġdescrib ed Ġas Ġrich ly Ġas Ġpossible , Ġcons isting Ġon Ġinfo Ġsuch Ġas Ġfict it ious Ġname , Ġtr aits , Ġbackground Ġst ories , Ġwhat Ġkind Ġof Ġgoals Ġand Ġchallenges Ġthey Ġpossi bly Ġface Ġand Ġhow Ġthey Ġmay Ġbe Ġs olved . ĠThe Ġpersonas Ġshould Ġbe Ġvisualized Ġfor Ġexample Ġusing Ġcanva Ġor Ġp pt . Ġ",14,"It Ġneeds Ġto Ġbe Ġunders to od Ġthat Ġpersonas Ġare Ġnot Ġstatic Ġbut Ġchange Ġin Ġtime , Ġfor Ġexample Ġeach Ġyear Ġthe Ġgroup Ġof Ġstudents Ġare Ġa Ġb it Ġdifferent , Ġso Ġupd ates Ġare Ġneeded Ġregularly . ĠAlso , Ġit Ġis Ġimportant Ġthat Ġpersonas Ġare Ġnot Ġonly Ġrelying Ġon Ġquantitative Ġdata , Ġbut Ġto Ġensure Ġdeep Ġunderstanding Ġqualitative Ġdata Ġis Ġneeded Ġas Ġwell , Ġfor Ġinst ance Ġinterview ing Ġstudents . ĠB oth Ġinternal Ġ( e . g . Ġuser Ġtesting ) Ġand Ġexternal Ġvalidation Ġcan Ġbe Ġused Ġfor Ġensuring Ġtr ustworth iness Ġof Ġdata . ĠThe Ġaspects Ġrelated Ġto Ġethics Ġneed Ġto Ġbe Ġtaken Ġcare Ġof , Ġfor Ġexample Ġdata Ġprot ect ion , Ġprivacy Ġcon c er n s Ġand Ġan on y m ity . Ġ",4,5,All of the above,0,1,0,0,Cre ating Ġvisual iz ations Ġof Ġthe Ġcreated Ġpersonas,For Ġensuring Ġgood Ġquality Ġdata Ġ( e . g . Ġrem o ving Ġinconsistencies Ġor Ġd u plic ates ),For Ġdata Ġanalysis,5,2,6,5,3,2,6,3,2,6,Correct,Not Correct,DECLINED,Correct,Correct,SAME,Correct,Not Correct,DECLINED,Correct,Not Correct,DECLINED,HIGH,HIGH,HIGH,HIGH,Chatbot
2/13/25 0:09,2/13/25 0:22,193.166.113.17,792,R_8psMyJI5hbY6Skf,63.1198,21.6798,0,0,6,45,2,1,1,18,"1,3,4",4,3,2,13,12,4,1,2,2,1,I Ġdon 't Ġknow,I Ġ Ä ł don Ġ ' t Ġ Ä ł k now,"I Ġ Ä ł don Ġ ' t Ġ Ä ł k now Ġ , Ġ Ä ł m ay be Ġ Ä ł to Ġ Ä ł m ake Ġ Ä ł the Ġ Ä ł d e vel op ment Ġ Ä ł p ro cess Ġ Ä ł m o re Ġ Ä ł e ff ective Ġ Ä ł in Ġ Ä ł ter ms Ġ Ä ł o f Ġ Ä ł t im e Ġ Ä ł and Ġ Ä ł m on ey Ġ Ä ł and Ġ Ä ł to Ġ Ä ł be Ġ Ä ł able Ġ Ä ł to Ġ Ä ł use Ġ Ä ł m o re Ġ Ä ł data",Data Ġprivacy Ġissues ; Ġlack Ġof Ġknowledge Ġof Ġhow Ġto Ġinterpret Ġthe Ġdata Ġavailable,0,2025-02-13 10:06:53,2025-02-13 10:28:13,193.166.113.17,1280,R_2yEUbMrYAXWOCKB,63.1198,21.6798,0,0,"Data - driven Ġpersonas Ġfrom Ġmarketing Ġstudents Ġcan Ġbe Ġcreated Ġby Ġcollecting Ġmany Ġtypes Ġof Ġdata . ĠYou Ġcan Ġcollect Ġqualitative Ġdata Ġ( inter view s Ġand Ġfocus Ġgroups ) Ġand Ġfind Ġout Ġhow Ġstudents Ġlearn , Ġwhat Ġmotivations Ġthey Ġhave Ġin Ġlearning , Ġand Ġwhat Ġchallenges Ġthey Ġface . ĠYou Ġshould Ġalso Ġcollect Ġquantitative Ġdata Ġto Ġcomple te Ġthe Ġunderstanding . ĠThese Ġcan Ġinclude Ġwe b - an alytics , Ġsocial Ġmedia Ġinteractions Ġ( e . g . Ġwatching Ġyour Ġteaching Ġv ide os Ġfrom Ġy out u be ), Ġtime Ġspent Ġwith Ġchatbot s , Ġsurvey Ġdata Ġand ĠLearning ĠM an agement ĠS ystem Ġdata Ġ( how Ġstudents Ġperform Ġin Ġtheir Ġstudies ). ĠThe Ġide al Ġsample Ġs ize Ġis Ġbetween Ġ30 Ġand Ġ30 0 . ĠYou Ġneed Ġto Ġbe Ġcare ful Ġwith Ġresearch Ġethics Ġwhen Ġcollecting Ġthe Ġdata .","After Ġcollecting Ġthe Ġdata , Ġyou Ġneed Ġto Ġanalyse Ġit . ĠF irst , Ġyou Ġneed Ġto Ġdefine Ġthe Ġvariables Ġyou Ġwill Ġuse Ġwhen Ġsegmenting Ġthe Ġstudents Ġinto Ġgroups . ĠV ar iables Ġinclude Ġbehavioral Ġvariables Ġand Ġdemographics , Ġalso Ġattitudes Ġcould Ġbe Ġinclud ed . ĠThen Ġyou Ġwill Ġuse Ġstatistical Ġtechn olog ies Ġto Ġcluster Ġthe Ġdata . ĠThis Ġprodu ces Ġtypical ly Ġ3 - 7 Ġsegments . ĠC luster Ġcan Ġbe Ġcombined Ġduring Ġthe Ġprocess . ĠFinally , Ġyou Ġneed Ġto Ġiter ate Ġand Ġrefine Ġthe Ġanalysis Ġu nt il Ġyou Ġget Ġsegments Ġthat Ġare Ġcredible . Ġ","Personas Ġare Ġbuil t Ġfrom Ġthe Ġsegmentation Ġdata . ĠA gain , Ġyou Ġcan Ġstart Ġby Ġidentify ing Ġthe Ġkey Ġattributes Ġ( demographics , Ġbehaviors , Ġattitudes ). ĠThen Ġyou Ġcan Ġcreate Ġprofiles Ġthat Ġhave Ġnames , Ġdemographics , Ġp hy s ical Ġappear ance , Ġindividual Ġgoals , Ġneeds Ġand Ġlife Ġpurposes . ĠR em ember Ġto Ġinclude Ġemot ional Ġvariables . ĠNext , Ġyou Ġcan Ġmake Ġthe Ġvisual Ġrepresentations Ġof Ġthe Ġprofiles . ĠA fter Ġthe Ġvisual ization , Ġrefine Ġthe Ġresults . ĠFinally , Ġdocument Ġand Ġshare Ġthe Ġpersonas . Ġ",15,"Evalu ation Ġof Ġthe Ġpersonas Ġcreated Ġis Ġimportant . ĠThere Ġare Ġse ver al Ġevaluation Ġcriteria Ġthat Ġshould Ġbe Ġused . ĠThese Ġinclude Ġthe Ġreliability Ġand Ġvalidity Ġcriteria , Ġsuch Ġas Ġcredibility , Ġcons istenc y , Ġcompleteness Ġand Ġusefulness . ĠIt Ġis Ġalso Ġimportant Ġto Ġcollect Ġfeedback Ġfrom Ġthe Ġparticipants Ġthemselves Ġand Ġfrom Ġthe Ġusers Ġof Ġthe Ġpersonas .",5,6,All of the above,0,1,0,0,To Ġvisualize Ġthe Ġcreated Ġpersona Ġprofiles .,To Ġdefine Ġthe Ġkey Ġind ic at or s Ġand Ġto Ġanalyse Ġthe Ġdata .,To Ġcollect Ġbehavioral Ġdata Ġfrom Ġthe Ġusers .,5,6,6,6,6,6,5,6,6,6,Correct,Not Correct,DECLINED,Correct,Correct,SAME,Correct,Not Correct,DECLINED,Correct,Not Correct,DECLINED,HIGH,HIGH,HIGH,HIGH,Deepfake
2/13/25 0:09,2/13/25 0:23,193.166.113.22,834,R_8TLYE9YUX3OOvcZ,63.1198,21.6798,0,0,21,35,2,1,2,0,"1,2,3,4","3,4,5",4,"2,4",12,10,4,1,2,2,1,I 'm Ġnot Ġfamiliar Ġwith Ġthese Ġtools,I Ġ ' m Ġ Ä ł not Ġ Ä ł f am iliar Ġ Ä ł w ith Ġ Ä ł A PI s,Maybe Ġ Ä ł to Ġ Ä ł pre dict Ġ Ä ł f ut ure Ġ Ä ł be ha vi or s Ġ ?,"S im plified Ġex amp les Ġof Ġcomplex Ġindividual s ? ĠC an Ġwe Ġal w ay s Ġunderstand Ġthe Ġ"" wh y "" Ġfrom Ġthe Ġdata ?",0,2025-02-13 0:57:36,2025-02-13 1:23:54,193.166.113.22,1578,R_8r3crXbyFYzJCLk,63.1198,21.6798,0,0,"Data Ġcould Ġbe Ġcollected Ġwith Ġstudent Ġsurvey Ġincl . Ġdemographics , Ġworking Ġinformation , Ġexpect ations , Ġgoals Ġetc . ĠNext , Ġlect ure Ġnot es Ġ( or Ġsome Ġsystem ) Ġ- Ġwho Ġparticipated Ġto Ġthe Ġcourse , Ġobserv ation Ġduring Ġlectures , Ġgroup Ġwor ks Ġetc , Ġinterviews Ġduring Ġlectures Ġetc . ĠAlso , Ġdata Ġfrom Ġcourse ĠMoodle Ġp age Ġ( when Ġstudents Ġuse Ġit , Ġhow Ġoften , Ġhow Ġl ong , Ġwhich Ġpages .. .). ĠC ourse / as sign ment Ġgrades Ġfrom ĠP e pp i Ġor ĠMoodle . ĠFinally , Ġstudent Ġfeedback Ġsurvey . Ġ",To Ġidentify Ġcommon Ġthemes Ġfrom Ġthe Ġdata Ġand Ġcluster Ġanalysis .,"Cre ate Ġprofiles Ġfrom Ġthese Ġcommon Ġthemes , Ġname Ġthem , Ġadd Ġa Ġ"" p hoto "" , Ġw r ite Ġtheir Ġstory Ġ- Ġwho Ġthey Ġare , Ġwhat Ġtheir Ġha b its , Ġinterests Ġand Ġmotivations Ġare , Ġwhat Ġare Ġtheir Ġgoals Ġwith Ġthe Ġcourse Ġand Ġdegree , Ġhow Ġthey Ġare Ġgoing Ġto Ġwork Ġto Ġre ach Ġthe Ġgoals , Ġare Ġthey Ġgoing Ġto Ġcont act Ġthe Ġteacher Ġetc ., Ġtheir Ġpreferences Ġin Ġdifferent Ġteaching Ġmethods Ġand Ġrem ote / in Ġperson Ġworking , Ġte am Ġworking Ġskills . ĠThese Ġpersonas Ġcould Ġbe Ġvisualized Ġwith Ġcanva .",16,Collecting Ġof Ġnew Ġdata Ġand Ġfor Ġexample Ġyearly Ġevaluation Ġand Ġaud it ing Ġof Ġthe Ġusefulness Ġand Ġif Ġthey Ġare Ġup Ġto Ġd ate Ġwith Ġthe Ġcur r ent Ġtrends . ĠC han ging Ġthe Ġpersonas Ġwhen Ġnot Ġany m o re Ġvalid .,4,2,"Social media analytics,Surveys and interviews,Behavioral data from apps,All of the above",0,1,0,0,To Ġvisualize Ġand Ġpresent Ġthe Ġpersona Ġprofile,D on 't Ġknow Ġstill,To Ġupdate Ġand Ġpredict Ġpersonas,5,3,6,6,5,5,5,1,2,4,Correct,Not Correct,DECLINED,Correct,Correct,SAME,Correct,Not Correct,DECLINED,Correct,Not Correct,DECLINED,HIGH,LOW,HIGH,MEDIUM,Chatbot
2/13/25 0:09,2/13/25 0:23,193.166.113.3,866,R_86geScPtfqLtI7D,63.1198,21.6798,0,0,17,32,2,2,1,1,"1,2,3,4","1,2,3,4",3,"2,3",13,10,4,3,2,2,1,I Ġwould Ġassume Ġthat Ġthey Ġwork Ġas Ġa Ġc od ing Ġplatforms .,I Ġ Ä ł ha ve Ġ Ä ł no Ġ Ä ł ide a Ġ Ä ł a bout Ġ Ä ł t hat Ġ .,They Ġ Ä ł c an Ġ Ä ł be Ġ Ä ł us ed Ġ Ä ł to Ġ Ä ł le arn Ġ Ä ł a bout Ġ Ä ł the Ġ Ä ł us er Ġ Ä ł and Ġ Ä ł d e vel op Ġ Ä ł m o re Ġ Ä ł ad van ced Ġ Ä ł p ersonas Ġ Ä ł c ust om ized Ġ Ä ł for Ġ Ä ł the Ġ Ä ł pl atform Ġ Ä ł us er Ġ Ä ł for Ġ Ä ł ex ample Ġ .,"In Ġwhat Ġc ir cum st an ces Ġare Ġthem Ġreally Ġneeded , Ġand Ġhow Ġmuch Ġen erg y Ġuse Ġand Ġother Ġres ources Ġthey Ġdem and Ġfrom Ġs ust ain ability Ġpers p ective . Ġ",0,2025-02-13 0:55:53,2025-02-13 1:11:36,193.166.113.3,942,R_2oF0etoyFkyv6pt,63.1198,21.6798,0,0,"Data Ġshould Ġbe Ġboth Ġquantitative Ġand Ġqualitative Ġin Ġorder Ġto Ġg ain Ġin Ġde p th Ġunderstanding . ĠIt Ġcould Ġbe Ġcollected Ġfrom Ġsocial Ġmedia Ġplatforms Ġand Ġsurveys . ĠGoogle Ġanalytics Ġis Ġone Ġtool Ġto Ġuse Ġhere . ĠInformation Ġcollected : age , Ġgender , Ġjo b , Ġpl ace Ġof Ġres id ence , Ġand Ġbehavioral Ġinsights . Ġ","This Ġwas Ġnot Ġclear Ġto Ġme . ĠS ome Ġkind Ġof Ġsegmenting Ġshould Ġbe Ġused , Ġcombining Ġinternal Ġand Ġexternal Ġvalidation . Ġ","The Ġpersona Ġcan Ġbe Ġnam ed Ġas Ġ"" S ar ah "" Ġfor Ġexample Ġand Ġthe Ġinformation Ġcollected Ġcan Ġbe Ġcombined Ġand Ġatt ac hed Ġto Ġh er . ĠThe Ġinfo Ġcan Ġbe Ġp ort r ay ed Ġas Ġa Ġpos ter Ġwhere Ġthere Ġis Ġa Ġpicture Ġalso Ġabout Ġthe Ġpersona . Ġ",17,"The Ġdata Ġsource Ġshould Ġbe Ġevalu ated , Ġthe Ġdata Ġshould Ġbe Ġreg ur arly Ġaud ited Ġand Ġupdated Ġif Ġneeded . ĠQuantitative Ġdata Ġshould Ġnot Ġbe Ġthe Ġonly Ġdata Ġsource . Ġ",5,2,"Social media analytics,Surveys and interviews,Behavioral data from apps,All of the above",0,3,0,0,To Ġvisualize Ġthe Ġpersona .,I Ġdon 't Ġknow .,"Machine Ġlearning Ġalgorithms Ġcan Ġbe Ġused Ġto Ġdevelop Ġthe Ġpersona Ġfurther , Ġas Ġthe Ġalgorithms Ġlearn Ġmore Ġabout Ġthe Ġonline Ġplatform Ġuser .",4,2,5,4,2,5,6,3,2,6,Not Correct,Not Correct,SAME,Correct,Not Correct,DECLINED,Correct,Not Correct,DECLINED,Correct,Not Correct,DECLINED,MEDIUM,LOW,MEDIUM,MEDIUM,Chatbot
2/13/25 0:09,2/13/25 0:24,193.166.113.27,878,R_22ss9u3WMKpIit2,63.1198,21.6798,0,0,24,57,1,1,2,over 20 years,"1,3","3,4",3,"2,3,4",10,10,"1,3",1,2,2,1,I Ġdo Ġnot Ġknow,I Ġ Ä ł d o Ġ Ä ł not Ġ Ä ł k now,For Ġ Ä ł t a il oring Ġ Ä ł and Ġ Ä ł c ust om izing,"P r ivacy Ġissues Ġand Ġ( in ) accuracy Ġwith Ġwhich Ġthey Ġdescribe Ġ"" re al "" Ġpeople",0,2025-02-13 10:07:42,2025-02-13 10:31:26,193.166.113.27,1424,R_2Y4m8OkEefuHk0m,63.1198,21.6798,0,0,- ĠF ocus Ġgroup Ġdiscussions Ġand Ġinterviews Ġwith Ġstudents Ċ - ĠS cr ap ing Ġfrom Ġsocial Ġmedia Ġplatforms Ġthey Ġuse Ċ - ĠTr ack ing Ġtheir Ġuse Ġof Ġl i b r ary Ġsources,"- ĠA Ġthem at ic Ġanalysis Ġcan Ġbe Ġcondu cted Ġto Ġthe Ġqualitative Ġdata Ċ - ĠD emographic Ġdata Ġcould Ġbe Ġl inked Ġto Ġthe Ġem erg ence Ġof Ġthe Ġthemes Ċ - Ġ Ex pl or at ory Ġand Ġdescriptive Ġanalyses Ġcan Ġbe Ġemploy ed Ġto Ġbuild Ġpersonas Ċ - ĠUse Ġof Ġany Ġanalytical Ġmethods , Ġso Ġcalled Ġt ri an g ulation Ċ Ġ","- ĠPersonas Ġcould Ġbe Ġhuman ized Ġby Ġl in king Ġthem Ġwith Ġinsights Ġfrom Ġreal Ġbehavioral Ġdata Ċ - ĠPersonas Ġshould Ġbe Ġupdated Ġcontinuous ly Ġby Ġnew Ġdata Ġinput s Ċ - ĠThe Ġvalidity Ġof Ġthe Ġcreated Ġpersonas Ġshould Ġbe Ġcrit ically Ġchecked Ċ - ĠTo Ġinc re ase Ġthe Ġpers u as iveness Ġof Ġpersonas , Ġcre at ivity Ġcan Ġalso Ġbe Ġb rough t Ġinto Ġplay ĠĊ",18,- ĠPersonas Ġcan Ġbe Ġp il ot ed Ġand Ġfeedback Ġcollected Ċ - ĠPersonas Ġshould Ġbe Ġregularly Ġassess ed Ġfor Ġthe Ġcompleteness Ġand Ġaccuracy Ċ - ĠP er form ance Ġand Ġquality Ġmeas ure ments Ġshould Ġbe Ġtaken Ġwith Ġvalidated Ġinst r um ents Ċ - ĠLearning Ġoutcomes Ġshould Ġbe Ġcollected Ġand Ġanalyzed Ġand Ġcorrect ive Ġactions Ġtaken Ġif Ġneeded,2,2,"Social media analytics,Surveys and interviews,Behavioral data from apps",0,1,0,0,I Ġdo Ġnot Ġknow,I Ġdo Ġnot Ġknow,For Ġtailoring Ġand Ġcustomizing Ġs erv ic es Ġand Ġm ess ages,2,5,5,4,1,4,5,4,2,6,Correct,Not Correct,DECLINED,Correct,Correct,SAME,Correct,Not Correct,DECLINED,Correct,Not Correct,DECLINED,MEDIUM,HIGH,HIGH,HIGH,Deepfake
2/13/25 0:10,2/13/25 0:26,193.166.109.31,958,R_2efyuebZUs1NBPr,63.1092,21.5936,0,0,16,34,2,2,2,0,"1,2,3","2,4",2,2,12,10,4,1,2,2,1,I Ġdon 't Ġknow,I Ġ Ä ł don Ġ ' t Ġ Ä ł k now Ġ Ä ł w hat Ġ Ä ł is Ġ Ä ł A PI,To Ġ Ä ł a utom atically Ġ Ä ł d e vel op Ġ Ä ł p ersonas Ġ Ä ł based Ġ Ä ł on Ġ Ä ł data Ġ Ä ł and Ġ Ä ł to Ġ Ä ł m od ify Ġ Ä ł the m Ġ Ä ł as Ġ Ä ł n ew Ġ Ä ł data Ġ Ä ł be comes Ġ Ä ł a va ila ble Ġ .,"I Ġdon 't Ġknow Ġwhat Ġkind Ġof Ġphenomenon Ġis Ġpersona Ġphenomenon . ĠI Ġth ink Ġit Ġsounds Ġs us p ici ous , Ġnon - tr ustworth y Ġand Ġyou Ġquestion Ġthe Ġmotivations Ġbe h ind Ġit . ĠIt Ġmay Ġalso Ġsim pl ify Ġcomplex Ġperson s Ġinto Ġsim plified Ġpersonas Ġand Ġr a ise Ġquestions Ġhow Ġthe Ġpersonas Ġrepresent Ġand Ġcreate Ġreal ity . ĠI Ġprefer Ġhuman Ġinteraction . Ġ",0,2025-02-13 10:07:09,2025-02-13 10:24:05,193.166.109.31,1015,R_2v0NZEz6BfYN0xy,63.1092,21.5936,0,0,"You Ġcan Ġcollect Ġdata Ġthrough Ġbehavioural Ġdata Ġonline Ġand Ġin Ġsocial Ġmedia Ġand Ġit Ġcan Ġbe Ġcomple ment ed Ġwith Ġqualitative Ġdata Ġthrough Ġsurveys Ġand Ġinterviews . ĠK now ing Ġthe Ġdemographics , Ġinterests , Ġgoals Ġand Ġfrustrations Ġis Ġimportant Ġin Ġpersona Ġdevelopment .","The Ġdata Ġcan Ġbe Ġsegmented Ġbased Ġon Ġdemographics Ġsuch Ġas Ġage , Ġgender , Ġeducational Ġlevel , Ġand Ġinterests , Ġgoals Ġand Ġfrustrations . ĠThe Ġpersona Ġshould Ġalso Ġbe Ġupdated Ġwith Ġnew Ġinformation Ġevery Ġn ow Ġand Ġthen .","P ersona Ġprofiles Ġand Ġinclude Ġ1 - 2 Ġp . Ġdescription Ġof Ġthe Ġperson Ġwith Ġa Ġphoto Ġand Ġname . ĠThe Ġdescription Ġshould Ġbe Ġrealistic , Ġse am less Ġand Ġrelatable Ġto Ġthe Ġuser Ġand Ġit Ġshould Ġcover Ġthe Ġpersona 's Ġinterests , Ġp ast , Ġand Ġfuture Ġgoals .",19,"One Ġcould Ġcondu ct Ġuser Ġstudies Ġwith Ġthe Ġpersonas Ġto Ġsee , Ġhow Ġaccurate , Ġrelatable , Ġand Ġcredible Ġthey Ġare Ġand Ġhow Ġstudents Ġperce ive Ġthem . ĠIn Ġaddition , Ġone Ġcould Ġtest Ġthe Ġlearning Ġoutcomes Ġwith Ġand Ġwith out Ġdifferent Ġpersonas Ġto Ġsee , Ġwhether Ġthey Ġare Ġactually Ġuseful Ġin Ġthe Ġteaching Ġof Ġa Ġmarketing Ġcourse .",4,3,All of the above,0,1,0,0,"To Ġcreate Ġthe Ġdescription Ġof Ġthe Ġpersona Ġwith Ġa Ġname , Ġphoto , Ġand Ġin t ro du ction Ġto Ġthe Ġpersona 's Ġh ist ory , Ġinterests , Ġand Ġfuture Ġgoals .",I Ġdon 't Ġknow Ġwhat ĠAPI Ġis .,They Ġcan Ġautom ate Ġthe Ġdevelopment Ġprocess Ġcreating Ġpersonas Ġbased Ġon Ġavailable Ġdata .,5,6,5,5,5,5,5,3,6,3,Correct,Not Correct,DECLINED,Correct,Correct,SAME,Correct,Not Correct,DECLINED,Correct,Not Correct,DECLINED,HIGH,MEDIUM,HIGH,HIGH,Deepfake
2/13/25 0:11,2/13/25 0:27,193.166.113.20,1000,R_8cOxwpIBwYtJec9,63.1198,21.6798,0,0,10,44,1,2,1,1,"1,3","1,3,4",3,"2,4",13,11,4,1,2,2,1,To Ġvisualize Ġand Ġinterpret Ġdata,Perhaps Ġ Ä ł data Ġ Ä ł re trie val,data Ġ Ä ł an aly s is Ġ Ä ł and Ġ Ä ł im p roving Ġ Ä ł accuracy,no Ġidea,0,2025-02-13 10:07:39,2025-02-13 10:33:08,193.166.113.20,1528,R_2zedcpIQkLX8HZF,63.1198,21.6798,0,0,"We Ġcollect Ġdemographic Ġdata Ġincluding Ġage , Ġgender , Ġtheir Ġma jor s . ĠThe ir Ġbehavioral Ġdata Ġsuch Ġas Ġengagement Ġwith Ġcourse . ĠQ ualitative Ġdata Ġcan Ġalso Ġbe Ġcollected Ġvia Ġinterviews , Ġsurveys Ġ","we Ġcan Ġcategor ize Ġstudents Ġby Ġtheir Ġlearning Ġstyles , Ġgoals , Ġbackgrounds . Ġ We Ġcan Ġapply Ġstatistical Ġtechniques Ġ","P ro f ile Ġincludes Ġname , Ġimage , Ġbackground , Ġcommunic ation Ġchan n el s Ġ",20,"a fter Ġsegmentation Ġwe Ġcan Ġstart Ġbuilding Ġpersonas Ġbased Ġon Ġstudents Ġprofiles . ĠF oll owing Ġsteps Ġare Ġneeded Ġto Ġcr a et e Ġpersona Ġprofiles Ġa ) Ġdata Ġcollection , Ġb ) Ġsegmentation , Ġ Ġc ) Ġpersona Ġmod el ing , Ġd ) Ġvalidation",4,3,All of the above,0,1,0,0,"d es ign ing Ġvisually Ġappealing Ġpersona Ġprofiles , Ġimages Ġand Ġvisuals",to Ġcommunicate Ġand Ġshare Ġdata,To Ġcreate Ġdynamic Ġdata Ġdriven Ġpersonas,7,7,6,6,5,4,7,2,7,5,Correct,Not Correct,DECLINED,Correct,Correct,SAME,Correct,Not Correct,DECLINED,Correct,Not Correct,DECLINED,HIGH,MEDIUM,MEDIUM,MEDIUM,Deepfake
2/13/25 0:09,2/13/25 0:28,193.166.113.14,1124,R_8KYZgliXIYeFR3m,63.1198,21.6798,0,0,3,44,2,2,2,1,"1,4","1,4","1,2,3,4","2,3,4",13,11,4,1,2,2,1,For Ġdata Ġanalysis Ġand Ġprocess ing,"I Ġ Ä ł don Ġ ' t Ġ Ä ł ful ly Ġ Ä ł u nders tand Ġ Ä ł the Ġ Ä ł qu est ion Ġ Ä ł o f Ġ Ä ł wh y Ġ Ä ł I Ġ Ä ł w ould Ġ Ä ł use Ġ Ä ł A PI s Ġ Ä ł to Ġ Ä ł c re ate Ġ Ä ł a Ġ Ä ł persona Ġ ? Ġ Ä ł P rob ably Ġ Ä ł be c ause Ġ Ä ł I Ġ Ä ł w ould Ġ Ä ł be Ġ Ä ł able Ġ Ä ł to Ġ Ä ł m o ve Ġ Ä ł data Ġ Ä ł n im bly Ġ Ä ł f rom Ġ Ä ł a Ġ Ä ł data base Ġ Ä ł to Ġ Ä ł an Ġ Ä ł ap pl ication Ġ Ä ł t hat Ġ Ä ł c an Ġ Ä ł an aly z e Ġ Ä ł and Ġ Ä ł inter pre t Ġ Ä ł the Ġ Ä ł data Ġ , Ġ Ä ł and Ġ Ä ł f rom Ġ Ä ł th ere Ġ Ä ł via Ġ Ä ł an Ġ Ä ł A PI Ġ Ä ł to Ġ Ä ł some where Ġ Ä ł where Ġ Ä ł th is Ġ Ä ł in formation Ġ Ä ł c an Ġ Ä ł be Ġ Ä ł ut il ized Ġ .",Machine Ġ Ä ł le arning Ġ Ä ł ma kes Ġ Ä ł b uil ding Ġ Ä ł data Ġ- Ġbased Ġ Ä ł p ersonas Ġ Ä ł m o re Ġ Ä ł e fficient Ġ Ä ł th an Ġ Ä ł be fo re Ġ .,As Ġf ar Ġas ĠI Ġknow Ġthey Ġhave Ġbeen Ġcrit ic is ed Ġfor Ġcreating Ġstereotypical Ġf ig ures .,0,2025-02-13 0:55:37,2025-02-13 1:16:41,193.166.113.14,1264,R_8aabHRu9hpW6k7x,63.1198,21.6798,0,0,"S urvey s : Ġstudents Ġcan Ġf ill Ġout Ġan Ġin it ial Ġsurvey Ġto Ġlearn Ġabout Ġtheir Ġbackground Ġand Ġgoals Ċ A n alytics Ġdata : Ġthe Ġlearning Ġplatform ĠMoodle Ġcan Ġgener ate Ġdata Ġon Ġstudent Ġactivity Ġand Ġassignment Ġsub m iss ions Ċ D iscussions Ġand Ġreflect ions : Ġstudent Ġres p on ses Ġin Ġfor um s , Ġclasses Ġor Ġcourse Ġassignments Ġcan Ġprovide Ġvaluable Ġinsi ght Ġinto Ġpersonal ity Ċ S o cial Ġmedia Ġprofiles Ġ( if Ġallow ed ) : ĠL inked In Ġprofiles Ġand Ġother Ġp u b l ic Ġdata Ġcan Ġhelp Ġunderstand Ġstudent Ġinterests","Based Ġon Ġthe Ġdata , Ġstudents Ġcan Ġbe Ġsegmented Ġaccording Ġto Ġvarious Ġvariables , Ġsuch Ġas : Ċ - Based Ġon Ġlearning Ġstyle Ċ - Based Ġon Ġmotiv ation Ġ Ċ - Based Ġon Ġprevious Ġexperience ĠĊ Ċ For Ġexample , Ġusing Ġa Ġclustering Ġalgorithm : Ġm achine Ġlearning Ġmethods Ġsuch Ġas ĠK - means Ġcan Ġhelp Ġfind Ġnatural Ġgroups Ġin Ġdata","On ce Ġthe Ġdata Ġh as Ġbeen Ġanalyzed , Ġa Ġfe w Ġtypical Ġstudent Ġpersonas Ġcan Ġbe Ġform ed Ġthat Ġrese m ble Ġa Ġreal Ġperson , Ġa Ġpersona Ġthat , Ġhowever , Ġdoes Ġnot Ġfully Ġrepresent Ġany Ġnatural Ġperson . Ċ Ċ S uch Ġa Ġpersona Ġis Ġoften Ġgiven Ġa Ġname , Ġa Ġpicture , Ġage , Ġetc . Ġdemographic Ġcharacteristics , Ġas Ġwell Ġas Ġh o b b ies Ġand Ġinterests . ĠInformation Ġthat Ġcan Ġbe Ġin fer re d Ġbased Ġon Ġthe Ġanalyzed Ġdata .",21,"The Ġpersonas Ġcreated Ġshould Ġbe Ġvalidated , Ġi . e . Ġchecked Ġto Ġsee Ġhow Ġaccurate Ġand Ġuseful Ġthey Ġactually Ġare . ĠV al id ation Ġcan Ġbe Ġdone , Ġfor Ġexample , Ġthrough ĠA / B Ġtesting . ĠIn Ġa Ġclassroom Ġsituation , Ġit Ġcan Ġalso Ġbe Ġdone Ġthrough Ġa Ġfeedback Ġsurvey . ĠD ynamic Ġpersonas Ġare Ġun like ly Ġto Ġbe Ġcreated Ġfrom Ġstudents , Ġso Ġthe Ġpersonas Ġcreated Ġwill Ġbecome Ġoutdated Ġover Ġtime Ġif Ġthey Ġare Ġnot Ġupdated .",5,5,"Social media analytics,Surveys and interviews,Behavioral data from apps,All of the above",0,1,0,0,"V isual ization Ġand Ġpresent ation , Ġboth Ġtools Ġallow Ġfor Ġclear , Ġvisually Ġappealing Ġrepresentations Ġof Ġpersonas , Ġincluding Ġimages , Ġdemographic Ġdata , Ġgoals , Ġand Ġbehaviors .","A PI s Ġcan Ġbe Ġvaluable Ġin Ġpersona Ġdevelopment Ġbecause Ġthey Ġallow Ġfor Ġautom ated Ġdata Ġcollection , Ġintegration Ġand Ġanalysis .","Machine Ġlearning Ġalgorithms Ġcan Ġbe Ġused Ġin Ġpersona Ġdevelopment Ġfor Ġvarious Ġpurposes , Ġmaking Ġthe Ġprocess Ġmore Ġdata - driven , Ġaccurate Ġand Ġad ap t ive .",4,1,6,4,4,4,3,2,2,4,Correct,Not Correct,DECLINED,Correct,Correct,SAME,Correct,Not Correct,DECLINED,Correct,Not Correct,DECLINED,HIGH,HIGH,HIGH,HIGH,Chatbot
2/13/25 0:10,2/13/25 0:29,193.166.125.254,1119,R_8r17PhHstZLqpke,63.0945,21.631,0,0,8,57,2,4,2,"I have more given inspiration lessons, not ""teaching"" ",2,"2,3,4",4,2,11,1,"1,2",2,2,4,5,perhaps Ġto Ġhelp Ġme Ġlearn Ġf aster Ġand Ġeasier,perhaps Ġ Ä ł to Ġ Ä ł he l p Ġ Ä ł m e Ġ Ä ł le arn Ġ Ä ł and Ġ Ä ł f os ter Ġ Ä ł m e Ġ Ä ł st eps Ġ Ä ł a he ad,to Ġ Ä ł he l p Ġ Ä ł u nders tand ing Ġ Ä ł o f Ġ Ä ł le arning Ġ Ä ł t as ks,"based Ġon Ġthe Ġinput , Ġyou Ġcan Ġcreate Ġv ery Ġnarr ow Ġbase Ġof Ġknow - ledge - & g t ; Ġf ake Ġnew s",0,2025-02-13 10:07:05,2025-02-13 10:27:37,193.166.125.254,1232,R_8ml05J8QAzhgil3,63.0945,21.631,0,0,"y ou Ġshould Ġcollect Ġsome Ġbackground Ġdata Ġsuch Ġas Ġtheir Ġage , Ġgender , Ġgeographic Ġlocation Ġ , Ġtheir Ġinterest Ġand Ġbehaviours Ġto Ġform Ġdifferent Ġperona / demographic Ġdata","based Ġon Ġthe Ġbackground Ġmaterials Ġyou Ġcan Ġfind Ġdifferent Ġsegments . Ġ What Ġthey Ġhave Ġin Ġcommon Ġor Ġnot , Ġwhat Ġare Ġtheir Ġinter ets Ġand Ġbased Ġon Ġthat Ġyou Ġcan Ġdevelop Ġinteresting Ġmaterials Ġthat Ġ"" m ake Ġs en se "" Ġfor Ġtheir Ġinterest . Ġ When Ġyou Ġare Ġinterested Ġin Ġs om et h ing , Ġyou Ġusually Ġlearn Ġeasier / be ha vi r al Ġdata",based Ġon Ġthe Ġbackground Ġmaterial Ġyou Ġcan Ġcreate Ġdifferent Ġperona Ġprofiles . ĠI Ġneed Ġmore Ġinformation Ġon Ġhow Ġto Ġdo Ġit Ġtechn ically . Ġ/ psy h ograp ic Ġdata,22,when Ġevaluating Ġyou Ġshould Ġtake Ġinto Ġconsid er ation Ġvalid r ity Ġand Ġiter ating Ġ/ q ualitative Ġinsights,3,2,"Social media analytics,Surveys and interviews,Behavioral data from apps,All of the above",0,1,0,0,They Ġcan Ġvisually Ġcreate Ġmaterials Ġsh owing Ġa Ġpersona,It Ġhel ps Ġme Ġcreate Ġp es ona Ġbased Ġon Ġa Ġlot Ġof Ġbackground Ġmaterials,the Ġcan Ġcollect Ġa Ġlot Ġof Ġbackgrounds Ġdata Ġand Ġbased Ġon Ġthat Ġanalyze Ġo ch Ġcreate Ġpersona Ġprofiles,6,6,6,6,6,6,6,2,6,6,Not Correct,Not Correct,SAME,Correct,Correct,SAME,Not Correct,Not Correct,SAME,Not Correct,Not Correct,SAME,LOW,MEDIUM,LOW,MEDIUM,Deepfake
2/13/25 0:12,2/13/25 0:29,193.166.113.11,993,R_8YnVKnbBUAp5sKT,63.1198,21.6798,0,0,9,62,2,1,2,25,"1,2,3,4","1,2,3,4","3,4","2,3,4",10,1,5,5,5,5,5,No Ġanswer,No Ġ Ä ł ans w er,No Ġ Ä ł ans w er,"re l iability , Ġuse Ġfor Ġnon - et hical Ġpurposes .",0,2025-02-13 0:56:19,2025-02-13 1:27:01,193.166.113.11,1841,R_2EBkFOhnycAdZvb,63.1198,21.6798,0,0,First Ġtask Ġis Ġto Ġdefine Ġtarget Ġaudience . ĠI Ġwould Ġuse Ġsurvey Ġ( and Ġclassroom Ġdiscussions ) Ġto Ġcollect Ġdata Ġfrom Ġm aster Ġpro gr am Ġstudents .,I Ġwould Ġuse Ġways Ġof Ġlearning Ġto Ġsegment Ġdata Ġand Ġmaybe Ġthe Ġgrade Ġstudents Ġare Ġaim ing Ġat .,"age , Ġgender , Ġways Ġof Ġlearning , Ġgrade Ġaim",23,re f lect Ġon Ġclass Ġroom Ġdiscussions,2,2,"Social media analytics,Surveys and interviews,Behavioral data from apps,All of the above",0,1,0,0,No Ġanswer,for Ġpersona Ġbuilding,to Ġevalu ate Ġaccuracy Ġof Ġpersonas,5,2,5,5,5,5,5,2,2,4,Not Correct,Not Correct,SAME,Not Correct,Correct,IMPROVED,Not Correct,Not Correct,SAME,Not Correct,Not Correct,SAME,MEDIUM,LOW,LOW,LOW,Chatbot
2/13/25 0:24,2/13/25 0:30,193.166.113.28,361,R_2CWeahLVoK3ZUft,63.1198,21.6798,0,0,40,47,2,2,1,10,"1,2,3,4","1,2,3,4",3,"3,4",10,1,"1,2,3,4",1,2,2,1,F in ding Ġbehavioral Ġpatterns Ġin Ġvast Ġqu ant ities Ġand Ġcor rob or ate Ġthem Ġfor Ġa Ġsystem ic Ġanalysis Ġand Ġsegmentation Ġbased Ġupon Ġthat,dont Ġ Ä ł k now,Get Ġ Ä ł m o re Ġ Ä ł in formation Ġ Ä ł a bout Ġ Ä ł se gm ents,Et hics,0,2025-02-13 10:07:11,2025-02-13 10:29:12,193.166.113.28,1321,R_2doVO2uJTfJPeCn,63.1198,21.6798,0,0,"Collecting Ġso Ġcalled Ġ"" b ig Ġdata "" Ġincludes Ġfor Ġexample Ġonline Ġsurveys , Ġuser Ġinteractions Ġor Ġanalytics Ġfrom Ġsocial Ġmedia Ġwe bs it es , Ġand Ġallow s Ġfor Ġgathering Ġvast Ġamount Ġof Ġinformation Ġin Ġa Ġshort Ġtime Ġperiod . ĠI Ġassume Ġthere Ġis Ġno Ġlimit Ġto Ġhow Ġmuch Ġother Ġthan Ġthe Ġavaila bility Ġof Ġsources Ġand Ġsome Ġlevel Ġof Ġdata Ġs atur ation . Ġ","The Ġfirst Ġstep Ġis Ġto Ġcreate Ġsegments Ġ( demographics , Ġbehavioral , Ġpsychograp ich Ġetc .). ĠF rom Ġthere , Ġwe Ġcan Ġuse Ġso Ġcalled Ġclustering Ġalgorithms Ġfor Ġa Ġdeep er Ġanalysis Ġof Ġthe Ġfirst Ġsegmentation Ġ rou nd , Ġand Ġfrom Ġthere Ġstart Ġbuilding Ġidentities Ġ( persona Ġbuilding ). ĠAl l Ġthis Ġis Ġdone Ġwith Ġa Ġcomputer Ġof Ġcourse Ġ:) Ġ:) Ġ:) ĠĠ","After Ġall Ġthe Ġsegmentation , Ġclustering Ġand Ġindividual ization Ġfor Ġthe Ġfirst Ġpersona Ġprot otyp es , Ġthey Ġneed Ġto Ġbe Ġtested Ġto Ġensure Ġthey Ġare Ġrelevant Ġand Ġinteresting Ġfor Ġthe Ġusers . ĠThis Ġcan Ġbe Ġdone Ġwith Ġusing Ġqualitative Ġresearch Ġinsights Ġas Ġwell Ġas Ġtesting Ġthem Ġon Ġthe Ġstudents Ġby Ġsurveys Ġor Ġsimilar Ġfeedback Ġgathering Ġactivities . ĠFinally , Ġwhen Ġthere Ġis Ġenough Ġinformation , Ġthese Ġpersonas Ġcan Ġbe Ġgiven Ġidentities Ġwith Ġcharacteristics Ġsuch Ġas Ġgender , Ġage , Ġface Ġand Ġb od y Ġetc .",24,"How Ġto Ġassess Ġthe Ġcredibility Ġand Ġrepresentativeness Ġof Ġpersonas ? Ġ Ċ It Ġseem s Ġthat Ġthe Ġpersonas Ġcan Ġbe Ġtested Ġfor Ġinconsistencies Ġby Ġcomparing Ġthem Ġto Ġthe Ġexisting Ġdata . ĠAlso , Ġthe Ġperce ptions Ġof Ġthe Ġusers Ġis Ġimportant Ġhere , Ġas Ġthey Ġdec ide Ġhow Ġthey Ġrelated Ġto Ġthese Ġdata - driven Ġpersonas . ĠSo Ġare Ġthese Ġidentities Ġconsidered Ġrealistic Ġand Ġrelatable ? ĠFinally , Ġand Ġthis Ġt ies Ġto Ġthe Ġquestion Ġof Ġethics Ġas Ġwell , Ġit Ġis Ġimportant Ġto Ġfoll ow Ġthe Ġconstru ction Ġtim el ine . ĠThis Ġis Ġcalled Ġalgorithm Ġtr ans par enc y Ġand Ġme ans Ġprov id ing Ġa Ġclear Ġpicture Ġof Ġhow Ġthe Ġpersonas Ġwere Ġconstru cted . Ġ",2,2,All of the above,0,1,0,0,"To Ġ"" p ain t Ġthe Ġpicture Ġof Ġthe Ġpersona "" Ġby Ġad ding Ġthe Ġch os en Ġcharacteristics Ġetc . Ġ",Maybe,They Ġal read y Ġcluster Ġinformation Ġso ĠI Ġassume Ġthere Ġis Ġsome Ġlevel Ġof Ġsegmentation Ġavailable,5,5,6,4,2,5,5,2,4,3,Correct,Not Correct,DECLINED,Correct,Correct,SAME,Correct,Not Correct,DECLINED,Correct,Not Correct,DECLINED,MEDIUM,HIGH,HIGH,HIGH,Deepfake
2/13/25 0:10,2/13/25 0:30,193.166.113.40,1227,R_2tJ87BqRGW9MQgh,63.1198,21.6798,0,0,20,41,2,2,2,0,"1,2,3,4","3,4",3,"2,4",11,10,"1,2,3,4",1,3,2,1,They Ġcan Ġcomb ine Ġdata Ġfrom Ġdifferent Ġd at as ets Ġand Ġthen Ġbe Ġused Ġfor Ġcreating Ġpersonas . ĠThe Ġdata Ġcan Ġalso Ġbe Ġmod ified Ġand Ġf il ter ed .,What Ġ Ä ł d o es Ġ Ä ł A PI Ġ Ä ł st and Ġ Ä ł for Ġ Ä ł h ere Ġ ?,"They Ġ Ä ł c an Ġ Ä ł c re ate Ġ Ä ł a Ġ Ä ł s ter e otypical Ġ Ä ł p erson Ġ Ä ł f rom Ġ Ä ł al gor ith ms Ġ . Ġ Ä ł A l so Ġ , Ġ Ä ł w ith Ġ Ä ł f oll owing Ġ Ä ł an Ġ Ä ł ind ivid ual Ġ ' s Ġ Ä ł al gor ith ms Ġ , Ġ Ä ł a Ġ Ä ł persona Ġ Ä ł o f Ġ Ä ł c ertain Ġ Ä ł p erson Ġ ' s Ġ Ä ł f e atures Ġ Ä ł c an Ġ Ä ł be Ġ Ä ł c re ated Ġ .",S c am s Ġcan Ġocc ur .,0,2025-02-13 10:06:57,2025-02-13 10:21:21,193.166.101.194,864,R_2eggtuOjvDzt8YS,63.1092,21.5936,0,0,"As Ġmuch Ġdata Ġas Ġpossible Ġshould Ġbe Ġcollected , Ġand Ġthe Ġdata Ġshould Ġbe Ġupdated Ġregularly . ĠThe Ġamount Ġshould Ġbe Ġbig Ġand Ġsignificant . ĠData Ġis Ġcollected Ġt rough Ġonline Ġsurveys , Ġsocial Ġmedia , Ġand Ġmon it oring Ġbehaviour . Ġ ĠData Ġto Ġbe Ġcollected : Ġdemographics , Ġbehavioural Ġdata , Ġinterests Ġand Ġpreferences , Ġgoals Ġand Ġchallenges , Ġpsychographics Ġetc .","Data Ġcan Ġbe Ġsegmented Ġby Ġgroups Ġwith Ġsimilar Ġinterests , Ġattributes , Ġdemographics Ġsuch Ġas Ġage , Ġocc upation Ġetc . Ġ",Based Ġon Ġsegments . ĠB y Ġgathering Ġdata Ġand Ġupd ating Ġthe Ġdatabase Ġregularly .,25,I Ġdid Ġnot Ġhave Ġtime Ġto Ġask Ġthis Ġfrom Ġthe Ġchatbot Ġbut Ġperhaps Ġby Ġchec king Ġthe Ġsources Ġthe Ġhave Ġbeen Ġused Ġfor Ġthe Ġpersona .,3,3,"Social media analytics,Surveys and interviews,Behavioral data from apps,All of the above",0,1,0,0,"C anva Ġcould Ġbe Ġused Ġfor Ġcollecting Ġdata Ġ( when Ġpeople Ġhave Ġcreated Ġtheir ĠC V s , Ġgre et ing Ġcar ds Ġetc .) ĠP owerpoint , Ġperhaps Ġto Ġsee Ġhow Ġpeople Ġmake Ġtheir Ġpresent ations Ġand Ġuse Ġthat Ġinformation Ġfor Ġpersona Ġcreation .",What Ġis ĠAPI ?,"The Ġmore Ġdata , Ġthe Ġmore Ġsegments Ġand Ġmore Ġrealistic Ġpersonas .",3,3,4,5,2,2,3,4,5,6,Correct,Not Correct,DECLINED,Not Correct,Correct,IMPROVED,Correct,Not Correct,DECLINED,Correct,Not Correct,DECLINED,MEDIUM,MEDIUM,LOW,LOW,Deepfake
2/13/25 0:19,2/13/25 0:35,193.166.113.16,975,R_2eIU07hZn7bydXj,63.1198,21.6798,0,0,11,51,2,1,1,20,"2,3,4","3,4","2,3,4","2,3",14,14,"1,2,3,4",1,2,2,1,.,..,.,"c an Ġbe Ġtoo Ġgeneral , Ġnot Ġused Ġin Ġb us iness Ġal th ough Ġcreated",0,2025-02-13 0:55:45,2025-02-13 1:29:05,193.166.113.16,1999,R_85e59HxYqMpu5Tb,63.1198,21.6798,0,0,"This Ġtask Ġshould Ġactually Ġbe Ġdone Ġbefore Ġthe Ġcourse Ġstarts Ġin Ġorder Ġto Ġpl an Ġthe Ġcourse Ġbet ter , Ġe . g . Ġin Ġthe Ġopen Ġuniversity . ĠI Ġwould Ġlike Ġto Ġknow Ġe . g . Ġtime Ġthey Ġhave Ġfor Ġstudies , Ġare Ġthey Ġworking Ġful lt im e / h al f / not Ġat Ġall , Ġwhen Ġthey Ġcan Ġstudy Ġ( e . g . Ġonly Ġat Ġthe Ġeven ings / we e k ends Ġetc .) , Ġwhat Ġare Ġtheir Ġgoals Ġ( actual Ġlearning Ġor Ġjust Ġto Ġget Ġthe Ġcred its ), Ġwhat Ġis Ġtheir Ġbackground Ġ( o cc upation , Ġwork Ġexperience Ġin Ġthe Ġtaught Ġsubj ect / el se where ), Ġdo Ġthey Ġprefer Ġonline Ġ( as yn cron uous Ġor Ġsyn cron ous ) or Ġface - to - f ace . ĠThere Ġcould Ġbe Ġa Ġsurvey Ġthey Ġanswer Ġbefore Ġthe Ġcourse Ġstarts . ĠĊ Ċ In Ġthe Ġcase Ġof Ġa Ġcompany Ġand Ġits Ġcustom ers , Ġthe Ġdata Ġcollection Ġwould Ġbe Ġmore Ġex ten s ive Ġ","in Ġthis Ġcase , Ġsim ple Ġquantitative Ġmetrics Ġand Ġqualitative Ġanalysis Ġof Ġopen Ġend ed Ġquestions Ġwould Ġbe Ġenough . ĠThen Ġsome Ġclustering Ġmaybe Ġto Ġform Ġsegments ĊĊ","some Ġclustering Ġperhaps . ĠAlso Ġin Ġthe Ġcase Ġof Ġmarketing Ġcourses , Ġthe Ġmost Ġrelevant Ġquestions Ġwould Ġbe Ġthe Ġtime Ġthey Ġcan Ġspent Ġon Ġstudies Ġand Ġtheir Ġgoals , Ġbecause Ġit Ġwould Ġbe Ġbeneficial Ġto Ġmi x Ġdifferent Ġknowledge Ġlevel / back ground Ġstudents . ĠBut Ġif Ġtheir Ġgo al Ġis Ġjust Ġto Ġp ass , Ġthey Ġcan Ġbe Ġa Ġb ur den Ġin Ġgroups Ġthat Ġhave Ġhigh Ġgoals",26,"I Ġcould Ġthen Ġd ivid e Ġthe Ġstudents Ġto Ġdifferent Ġgroups Ġbased Ġon Ġthese Ġpersonas . ĠI Ġcould Ġask Ġtheir Ġopin ions Ġif Ġthey Ġfeel Ġthat Ġthey Ġare Ġin Ġthe Ġright Ġgroup , Ġ( be c ause Ġthe Ġn um ber Ġis Ġnot Ġthat Ġmany ), Ġalso Ġat Ġthe Ġend Ġof Ġthe Ġcourse , Ġthere Ġcould Ġbe Ġa Ġsurvey . Ċ However , Ġin Ġa Ġcourse Ġset ting , ĠI 'm Ġnot Ġsure Ġhow Ġmuch ĠI Ġam Ġable Ġto Ġdifferent i ate Ġthe Ġassignments Ġetc . Ġbut Ġfor Ġgroup Ġform ation Ġpurposes Ġthe Ġpersonas Ġcould Ġbe Ġuseful",6,6,All of the above,0,1,0,0,"to Ġillustr te Ġthe Ġpersonas , Ġlike Ġposters Ġof Ġthem",w hat Ġis ĠAPI Ġ:),?,7,2,7,7,6,6,6,1,5,7,Correct,Not Correct,DECLINED,Correct,Correct,SAME,Correct,Not Correct,DECLINED,Correct,Not Correct,DECLINED,HIGH,MEDIUM,MEDIUM,HIGH,Chatbot
